article_id,title,source,date,url,food_category,qwen_model_label,qwen_validation_confidence,event_count,claim_statuses,food_items,adulterants,issue_types,locations,regulatory_actions,classifier_label,classifier_score,classifier_model,accepted_triplet_count,schema_gap_count,unresolved_triplet_count,rejected_triplet_count,qwen_completed_at
oil-c4d815318f8299b0,"Maharashtra FDA Cracks Down On Gutkha And Unsafe Food; 33 Arrested, Goods Worth Over ₹8.56 Crore Seized",freepressjournal.in,2026-06-09,https://www.freepressjournal.in/mumbai/maharashtra-fda-cracks-down-on-gutkha-and-unsafe-food-33-arrested-goods-worth-over-856-crore-seized,Edible Oil,unclear,0.85,1,suspected,edible oil,,substandard | unsafe_food,"Maharashtra, India",seizure,,,,4,0,0,16,2026-07-29T15:28:35Z
oil-055a850c7fce9512,Articles worth over Rs 15.8 lakh seized by FDA in week long raids,indiatimes.com,2026-06-05,https://timesofindia.indiatimes.com/city/nashik/articles-worth-over-rs-15-8-lakh-seized-by-fda-in-week-long-raids/articleshow/131537623.cms,Edible Oil,unclear,0.85,1,suspected,soybean oil,,substandard | unsafe_food,"Chandwad, Nashik, Maharashtra, India",seizure,,,,2,0,1,17,2026-07-28T18:40:10Z
oil-11313f68b0e0b1d7,Nashik: FDA Seizes Suspected And Illegal Food Stock Worth ₹15.89 Lakh In Week-Long Crackdown,freepressjournal.in,2026-06-04,https://www.freepressjournal.in/pune/nashik-fda-seizes-suspected-and-illegal-food-stock-worth-1589-lakh-in-week-long-crackdown,Edible Oil,unclear,0.85,1,suspected,soybean oil,,substandard | unsafe_food,"Chandwad, Nashik, Maharashtra, India",seizure,,,,0,0,7,13,2026-07-28T20:58:48Z
oil-0deaa05c0dac8925,Nashik FDA confiscates food items worth over Rs 1 lakh on suspicion of adulteration,indiatimes.com,2026-05-30,https://timesofindia.indiatimes.com/city/nashik/nashik-fda-confiscates-food-items-worth-over-rs-1-lakh-on-suspicion-of-adulteration/articleshow/131414371.cms,Edible Oil,unclear,0.85,1,suspected,soyabean oil,,substandard | adulteration,"Nashik, Maharashtra, India",seizure,,,,1,0,4,10,2026-07-28T20:42:29Z
oil-af3a540365afc7c2,"Food safety raids at Hyderabad bakery, brewery uncover expired food, pest infestation, hygiene violations",thehindu.com,2026-05-21,https://www.thehindu.com/news/cities/Hyderabad/food-safety-raids-at-hyderabad-bakery-brewery-uncover-expired-food-pest-infestation-hygiene-violations/article71003523.ece,Edible Oil,unclear,0.85,1,suspected,cooking oil,reused cooking oil,adulteration,"Hyderabad, Telangana, India",necessary action,irrelevant,0.3251,Weighted ensemble: TF-IDF Linear SVM + BGE-large RBF-SVM + RoBERTa-base,2,0,5,3,2026-07-29T13:25:45Z
oil-1c3f4e35a1252449,"4,000 litres of suspected adulterated oil seized | Kanpur News - The Times of India",indiatimes.com,2026-05-17,https://timesofindia.indiatimes.com/city/kanpur/4000-litres-of-suspected-adulterated-oil-seized/articleshow/131143712.cms,Edible Oil,relevant_event,0.95,1,suspected,edible oil,,adulteration | substandard,"Kanpur, Kanpur Dehat, Uttar Pradesh, India",seizure | custody,relevant,0.9218017301463708,"ens_wavg[tfidf_linsvm/full+bge-large_rbfsvm/oilemb+roberta-base_lead_512/full|0.17,0.67,0.17]",0,0,1,9,2026-07-28T21:58:41Z
oil-c94e003c369b3450,Hyderabad: Food safety inspection flags unsafe oil at KFC outlet in Kondapur,siasat.com,2026-05-05,https://www.siasat.com/hyderabad-food-safety-inspection-flags-unsafe-oil-at-kfc-outlet-in-kondapur-3465689/,Edible Oil,unclear,0.95,1,suspected,cooking oil,,unsafe_food | substandard,"Hyderabad, Telangana, India",Action is being initiated against the outlet,irrelevant,0.4695679377765578,"ens_wavg[tfidf_linsvm/full+bge-large_rbfsvm/oilemb+roberta-base_lead_512/full|0.17,0.67,0.17]",1,0,6,8,2026-07-29T16:05:35Z
oil-42c4efcdce45e35d,Food safety administration flags substandard food products,nagalandpost.com,2026-04-29,https://nagalandpost.com/food-safety-administration-flags-substandard-food-products/,Edible Oil,relevant_event,0.95,1,suspected,Mast Health Multi-source Edible Oil,,substandard,"Dimapur, Nagaland, India",public notice | legal proceedings,irrelevant,0.2974,Weighted ensemble: TF-IDF Linear SVM + BGE-large RBF-SVM + RoBERTa-base,2,0,4,13,2026-07-29T02:13:36Z
oil-ce4031737a7654b3,"22 cases booked in Cyberabad food adulteration crackdown, ₹64 lakh worth goods seized",thehindu.com,2026-04-22,https://www.thehindu.com/news/cities/Hyderabad/22-cases-booked-in-cyberabad-food-adulteration-crackdown-64-lakh-worth-goods-seized/article70892711.ece,Edible Oil,relevant_event,0.95,1,alleged,edible oil,,adulteration,"Cyberabad, Telangana, India",case_booked | seizure,relevant,0.9433,Weighted ensemble: TF-IDF Linear SVM + BGE-large RBF-SVM + RoBERTa-base,2,0,0,18,2026-07-29T17:06:13Z
oil-c0e8fd0149fa83c4,Food Adulteration: Barnala admin imposes Rs 2L fine,indiatimes.com,2026-04-12,https://timesofindia.indiatimes.com/city/chandigarh/food-adulteration-barnala-admin-imposes-rs-2l-fine/articleshow/130198058.cms,Edible Oil,unclear,0.85,1,suspected,mustard oil | cooking oil,,substandard,"Barnala, Punjab, India",Rs 2.25 lakh fine,,,,2,0,4,4,2026-07-29T14:59:55Z
oil-48d56f0dc43d0ecc,Expired Mustard Oil Seized in Hazaribag Food Safety Raid | Ranchi News - The Times of India,indiatimes.com,2026-04-07,https://timesofindia.indiatimes.com/city/ranchi/expired-mustard-oil-seized-in-hazaribag-food-safety-raid/articleshow/130094279.cms,Edible Oil,relevant_event,0.95,1,suspected,mustard oil,,substandard | prohibited_additive,"Hazaribag, Jharkhand, India",seizure | legal action,relevant,0.7962744115817022,"ens_wavg[tfidf_linsvm/full+bge-large_rbfsvm/oilemb+roberta-base_lead_512/full|0.17,0.67,0.17]",3,0,2,5,2026-07-29T02:45:18Z
oil-97103cc7b062d80c,"Over 5,000 litres of adulterated cooking oil seized in Gachibowli; expired wheat flour repackaged for sale",thehindu.com,2026-03-10,https://www.thehindu.com/news/cities/Hyderabad/over-5000-litres-of-adulterated-cooking-oil-seized-in-gachibowli-expired-wheat-flour-repackaged-for-sale/article70724996.ece,Edible Oil,relevant_event,0.95,1,suspected,cooking oil | soybean oil,expired cooking oil,adulteration | substitution,"Hyderabad, Gachibowli, Telangana, India",seizure | raid,relevant,0.921465990480022,"ens_wavg[tfidf_linsvm/full+bge-large_rbfsvm/oilemb+roberta-base_lead_512/full|0.17,0.67,0.17]",3,0,5,2,2026-07-29T10:51:38Z
oil-8826c3388f25a8b2,"Adulterated cooking oil, wheat flour worth Rs 21 lakh seized in Hyderabad",siasat.com,2026-03-10,https://www.siasat.com/adulterated-cooking-oil-wheat-flour-worth-rs-21-lakh-seized-in-hyderabad-3432488/,Edible Oil,relevant_event,0.95,1,alleged,cooking oil,expired cooking oil,adulteration | substandard | mislabeling,"Hyderabad, Gachibowli, Telangana, India",raid | seizure,relevant,0.8719484829011432,"ens_wavg[tfidf_linsvm/full+bge-large_rbfsvm/oilemb+roberta-base_lead_512/full|0.17,0.67,0.17]",2,0,4,4,2026-07-29T08:45:49Z
oil-af7d37f8450fbc59,Kanpur Adulterated Food: Pre-Holi raids in Kanpur: FSDA seizes 9 quintals of adulterated mawa & edible oil worth Rs 29L | Kanpur News - The Times of India,indiatimes.com,2026-02-26,https://timesofindia.indiatimes.com/city/kanpur/9-quintals-of-adulterated-mawa-edible-oil-seized-ahead-of-holi/articleshow/128794157.cms,Edible Oil,unclear,0.85,1,suspected,edible oil,unspecified adulterant,adulteration,"Kanpur, Uttar Pradesh, India",seizure,relevant,0.8388143717855862,"ens_wavg[tfidf_linsvm/full+bge-large_rbfsvm/oilemb+roberta-base_lead_512/full|0.17,0.67,0.17]",0,0,10,9,2026-07-29T13:41:43Z
oil-1852e8a212bd5903,"Holi Crackdown: 30,000 Oil Packs Seized, Tonnes Of Fake Paneer Destroyed Across Uttar Pradesh",businesstoday.in,2026-02-26,https://www.businesstoday.in/bt-tv/whats-hot/video/holi-crackdown-30000-oil-packs-seized-tonnes-of-fake-paneer-destroyed-across-uttar-pradesh-518082-2026-02-26?utm_source=rssfeed,Edible Oil,relevant_event,0.95,1,suspected,edible oil,,adulteration | substandard,"Kanpur Dehat, Uttar Pradesh, India",seizure,irrelevant,0.4750736034499782,"ens_wavg[tfidf_linsvm/full+bge-large_rbfsvm/oilemb+roberta-base_lead_512/full|0.17,0.67,0.17]",4,0,1,5,2026-07-28T21:52:57Z
oil-898a1362002b727d,"Food safety teams seize adulterated khoya in Agra, edible oil in Mânagar | Agra News - The Times of India",indiatimes.com,2026-02-22,https://timesofindia.indiatimes.com/city/agra/food-safety-teams-seize-adulterated-khoya-in-agra-edible-oil-in-mnagar/articleshow/128652372.cms,Edible Oil,unclear,0.95,1,suspected,edible oil | mustard oil | rice bran oil,colouring material,adulteration,"Muzaffarnagar, Uttar Pradesh, India",seizure | premises sealed | criminal proceedings likely,relevant,0.929834459709838,"ens_wavg[tfidf_linsvm/full+bge-large_rbfsvm/oilemb+roberta-base_lead_512/full|0.17,0.67,0.17]",0,0,9,6,2026-07-29T09:04:50Z
oil-a4f6b6de8fcb2c3d,Sale of adulterated coconut oil: farmers elated over SHRC’s intervention,thehindu.com,2026-02-19,https://www.thehindu.com/news/national/kerala/sale-of-adulterated-coconut-oil-farmers-elated-over-shrcs-intervention/article70651539.ece,Edible Oil,relevant_event,0.95,1,suspected,coconut oil,adulterated coconut oil,adulteration | substandard,"Kozhikode, Kerala, India",urgent inquiry directive,relevant,0.8516265033531835,"ens_wavg[tfidf_linsvm/full+bge-large_rbfsvm/oilemb+roberta-base_lead_512/full|0.17,0.67,0.17]",3,0,8,9,2026-07-29T12:41:21Z
oil-69a4843e2e016e1e,Adulterated paneer and cooking oil seized ahead of Diwali | Agra News - The Times of India,indiatimes.com,2025-10-15,https://timesofindia.indiatimes.com/city/agra/adulterated-paneer-and-cooking-oil-seized-ahead-of-diwali/articleshow/124586909.cms,Edible Oil,unclear,0.95,1,suspected,edible oil | mustard oil | refined soybean oil,,substandard | unsafe_food,"Agra, Uttar Pradesh, India",seizure | closure | notice,relevant,0.6272369234416718,"ens_wavg[tfidf_linsvm/full+bge-large_rbfsvm/oilemb+roberta-base_lead_512/full|0.17,0.67,0.17]",0,0,6,14,2026-07-29T05:37:06Z
oil-c2fa50179af284f7,"Flies hovering on them, 145kg rasgullas destroyed by food safety officials in Noida",indiatimes.com,2025-10-12,https://timesofindia.indiatimes.com/city/noida/flies-hovering-on-them-145kg-rasgullas-destroyed-by-food-safety-officials-in-noida/articleshow/124489677.cms,Edible Oil,unclear,0.85,1,suspected,mustard oil,,adulteration,"Noida, Gautam Buddha Nagar, Uttar Pradesh, India",seizure,,,,0,0,2,8,2026-07-29T15:07:27Z
oil-c72d68cafd2478be,FSDA seizes substandard supply of edible oil worth 30L | Kanpur News - The Times of India,indiatimes.com,2025-10-10,https://timesofindia.indiatimes.com/city/kanpur/fsda-seizes-substandard-supply-of-edible-oil-worth-30l/articleshow/124437838.cms,Edible Oil,relevant_event,0.95,1,suspected,edible oil,,substandard,"Kanpur, Uttar Pradesh, India",seizure,relevant,0.9652111641380194,"ens_wavg[tfidf_linsvm/full+bge-large_rbfsvm/oilemb+roberta-base_lead_512/full|0.17,0.67,0.17]",3,0,6,1,2026-07-29T15:57:50Z
oil-081117bbf714a215,Pre-Diwali crackdown on food adulteration in Lucknow,hindustantimes.com,2025-10-10,https://www.hindustantimes.com/cities/lucknow-news/prediwali-crackdown-on-food-adulteration-in-lucknow-101760112550766.html,Edible Oil,unclear,0.85,1,suspected,mustard oil | edible oils,,substandard | adulteration,"Lucknow, Uttar Pradesh, India",seizure,,,,1,0,6,18,2026-07-28T19:17:15Z
oil-23d97461886d2622,FDA seizes untested soyabean oil,indiatimes.com,2025-10-09,https://timesofindia.indiatimes.com/city/nagpur/fda-seizes-untested-soyabean-oil/articleshow/124398090.cms,Edible Oil,relevant_event,0.95,2,suspected,soyabean oil,,substandard | unsafe_food,"Nagpur, Maharashtra, India | Gondia, Maharashtra, India",seizure,,,,1,0,3,6,2026-07-28T22:39:02Z
oil-9f582ea75e0eddfb,"Raids at 8 shops in Gurgaon, 16 food samples seized, sent for tests",indiatimes.com,2025-09-29,https://timesofindia.indiatimes.com/city/gurgaon/raids-at-8-shops-in-gurgaon-16-food-samples-seized-sent-for-tests/articleshow/124199612.cms,Edible Oil,unclear,0.95,1,suspected,mustard oil,,adulteration | substandard,"Gurgaon, Haryana, India",raids | seizure,,,,0,0,1,9,2026-07-29T11:52:56Z
oil-4868fc6b9046a8f9,"14 students of a government school in Hazaribag take ill after consuming snacks , hospitalized",indiatimes.com,2025-09-24,https://timesofindia.indiatimes.com/city/ranchi/14-students-of-a-government-school-in-hazaribag-take-ill-after-consuming-snacks-hospitalized/articleshow/124097235.cms,Edible Oil,unclear,0.95,1,pending_test,mustard oil,,contamination | substandard,"Hazaribag, Jharkhand, India",inspection | sample_collection,,,,0,0,6,10,2026-07-29T02:39:01Z
oil-9522cb6fbdcc239f,Coconut oil unit sealed in Kanniyakumari for violations,thehindu.com,2025-08-21,https://www.thehindu.com/news/cities/Madurai/coconut-oil-unit-sealed-in-kanniyakumari-for-violations/article69960089.ece,Edible Oil,relevant_event,0.95,1,suspected,coconut oil,,adulteration | substandard | mislabeling,"Kanniyakumari, Tamil Nadu, India",sealing of coconut oil unit | seizure,,,,1,0,3,6,2026-07-29T10:46:21Z
oil-8e1bcc090b3c0db2,16k litres of fake coconut oil seized | Thiruvananthapuram News - Times of India,indiatimes.com,2025-08-14,https://timesofindia.indiatimes.com/city/thiruvananthapuram/16k-litres-of-fake-coconut-oil-seized/articleshow/123288376.cms,Edible Oil,relevant_event,0.95,1,alleged,coconut oil,fake coconut oil,adulteration | counterfeit | mislabeling,"Kollam, Kerala, India",seizure,relevant,0.912246842110634,"ens_wavg[tfidf_linsvm/full+bge-large_rbfsvm/oilemb+roberta-base_lead_512/full|0.17,0.67,0.17]",1,0,4,5,2026-07-29T09:49:30Z
oil-a9685f88d15906f6,"Food Safety wing seizes 16,565 litres of spurious coconut oil in raids  ",thehindu.com,2025-08-12,https://www.thehindu.com/news/national/kerala/food-safety-wing-seizes-16565-litres-of-spurious-coconut-oil-in-raids/article69925354.ece,Edible Oil,relevant_event,0.95,1,suspected,coconut oil,,substandard | adulteration,"seven districts in Kerala, Kerala, India",seizure,relevant,0.856106898267018,"ens_wavg[tfidf_linsvm/full+bge-large_rbfsvm/oilemb+roberta-base_lead_512/full|0.17,0.67,0.17]",1,0,2,3,2026-07-29T13:13:03Z
oil-17abc10a59ca2c80,Court fines 2 for selling adulterated mustard oil in Ghaziabad | Noida News - The Times of India,indiatimes.com,2025-07-26,https://timesofindia.indiatimes.com/city/noida/court-fines-2-for-selling-adulterated-mustard-oil-in-ghaziabad/articleshow/122912688.cms,Edible Oil,relevant_event,0.95,1,unclear,mustard oil,,substandard | unsafe_food,"Ghaziabad, Uttar Pradesh, India","fine of Rs 20,000 each under Section 51 of the FSSA | fine of Rs 5,000 each under Section 59 (i) of the Act",relevant,0.7923283444275631,"ens_wavg[tfidf_linsvm/full+bge-large_rbfsvm/oilemb+roberta-base_lead_512/full|0.17,0.67,0.17]",2,0,6,7,2026-07-28T21:50:57Z
oil-8e1ede70f7533502,"Coconut oil price skyrockets, crosses Rs 500 per litre",newindianexpress.com,2025-07-25,https://www.newindianexpress.com/states/kerala/2025/Jul/25/coconut-oil-price-skyrockets-crosses-rs-500-per-litre,Edible Oil,relevant_event,0.75,1,suspected,coconut oil,unknown,adulteration,"Kochi, Ernakulam, Kerala, India",,irrelevant,0.417,Weighted ensemble: TF-IDF Linear SVM + BGE-large RBF-SVM + RoBERTa-base,1,0,0,11,2026-07-29T09:51:05Z
oil-70649ae86f99dffc,"Maharashtra News: Minister Narhari Zirwal Announces Suspension Of 2 FDA Officials, Closure Of Nandurbar Factory Over Oil Adulteration",freepressjournal.in,2025-07-07,https://www.freepressjournal.in/mumbai/maharashtra-news-minister-narhari-zirwal-announces-suspension-of-2-fda-officials-closure-of-nandurbar-factory-over-oil-adulteration,Edible Oil,relevant_event,0.95,1,suspected,soybean oil | groundnut oil,,adulteration | substandard,"Akkalkuwa, Nandurbar, Maharashtra, India",suspension | closure,relevant,0.6975422954563553,"ens_wavg[tfidf_linsvm/full+bge-large_rbfsvm/oilemb+roberta-base_lead_512/full|0.17,0.67,0.17]",1,0,3,14,2026-07-29T06:03:03Z
oil-431077a2a1ab59e9,Substandard edible oil found in Nandurbar: Minister warns of action,indianexpress.com,2025-07-07,https://indianexpress.com/article/cities/mumbai/substandard-edible-oil-found-in-nandurbar-minister-warns-of-action-10112216/,Edible Oil,relevant_event,0.95,1,suspected,edible oil | refined soybean oil | groundnut oil,,substandard,"Nandurbar, Maharashtra, India",Legal action under Food Safety and Standards Act,relevant,0.9234249919399004,"ens_wavg[tfidf_linsvm/full+bge-large_rbfsvm/oilemb+roberta-base_lead_512/full|0.17,0.67,0.17]",1,0,3,6,2026-07-29T02:18:02Z
oil-2027fa14e94958fd,Maharashtra News: Rural Development Minister Jaikumar Gore Announces Suspension Of 2 Engineers Over Irregular Payments,freepressjournal.in,2025-07-07,https://www.freepressjournal.in/mumbai/maharashtra-news-rural-development-minister-jaikumar-gore-announces-suspension-of-2-engineers-over-irregular-payments,Edible Oil,unclear,0.85,1,suspected,soybean oil | peanut oil,,substandard,"Nandurbar, Maharashtra, India",suspension | closure,irrelevant,0.4057576413847123,"ens_wavg[tfidf_linsvm/full+bge-large_rbfsvm/oilemb+roberta-base_lead_512/full|0.17,0.67,0.17]",0,0,6,4,2026-07-28T22:04:10Z
oil-a882a3e8b7aeb487,Coconut oil prices on the boil as retail price soars to ₹410/litre,thehindubusinessline.com,2025-06-17,https://www.thehindubusinessline.com/economy/agri-business/coconut-oil-prices-on-the-boil-as-retail-price-soars-to-410litre/article69703785.ece,Edible Oil,relevant_event,0.95,1,alleged,coconut oil,inferior and adulterated oils,adulteration | substandard,"Kerala, India",banning of 42 brands of coconut oil,irrelevant,0.4134,Weighted ensemble: TF-IDF Linear SVM + BGE-large RBF-SVM + RoBERTa-base,1,0,0,12,2026-07-29T13:10:08Z
oil-438415c185832786,AMC seizes 105 tins of suspicious cooking oil from Behrampura - The Times of India,indiatimes.com,2025-04-26,https://timesofindia.indiatimes.com/city/ahmedabad/amc-seizes-105-tins-of-suspicious-cooking-oil-from-behrampura/articleshow/120648762.cms,Edible Oil,unclear,0.85,1,suspected,refined palm oil | refined soybean oil,,substandard,"Ahmedabad, Gujarat, India",seizure,relevant,0.6183954414544142,"ens_wavg[tfidf_linsvm/full+bge-large_rbfsvm/oilemb+roberta-base_lead_512/full|0.17,0.67,0.17]",1,0,6,13,2026-07-29T02:20:39Z
oil-4d6bfb72c0733299,Health dept seizes 352 boxes of refined oil after 6 hospitalised,hindustantimes.com,2025-04-22,https://www.hindustantimes.com/cities/chandigarh-news/health-dept-seizes-352-boxes-of-refined-oil-after-6-hospitalised-101745259236048.html,Edible Oil,relevant_event,0.95,1,suspected,refined soyabean oil | Binni refined oil,Vitamin D,adulteration | contamination,"Rajpura, Patiala, Punjab, India",confiscation | public announcement,irrelevant,0.3488802283324012,"ens_wavg[tfidf_linsvm/full+bge-large_rbfsvm/oilemb+roberta-base_lead_512/full|0.17,0.67,0.17]",6,0,16,4,2026-07-29T03:09:39Z
oil-05aa031a4b58524e,"Fake oil found in Bihar, here's how to spot it.",indiatoday.in,2025-03-25,https://www.indiatoday.in/newsmo/video/fake-oil-found-in-bihar-heres-how-to-spot-it-2698982-2025-03-25?utm_source=rss,Edible Oil,relevant_event,0.95,1,suspected,edible oil,,counterfeit | substandard,"Rohtas district, Bihar, India",seizure,irrelevant,0.067321759216214,"ens_wavg[tfidf_linsvm/full+bge-large_rbfsvm/oilemb+roberta-base_lead_512/full|0.17,0.67,0.17]",1,0,0,1,2026-07-28T18:41:44Z
oil-c84820229ce8af05,Shop owner held for selling expired edible oils with tampered labels,siasat.com,2025-03-12,https://www.siasat.com/shop-owner-held-for-selling-expired-edible-oils-with-tampered-labels-3193611/,Edible Oil,relevant_event,0.95,1,alleged,edible oil | Fresh Heart brand oil,,substandard | mislabeling | counterfeit,"Hyderabad, Telangana, India",arrest | seizure | legal action,relevant,0.6596,Weighted ensemble: TF-IDF Linear SVM + BGE-large RBF-SVM + RoBERTa-base,2,0,4,4,2026-07-29T16:01:19Z
oil-5847641c3b5b8b8f,"Edible oil racket busted, 1 arrested in joint drive",thehansindia.com,2025-03-12,https://www.thehansindia.com/telangana/edible-oil-racket-busted-1-arrested-in-joint-drive-953178,Edible Oil,relevant_event,0.95,1,alleged,edible oil,,mislabeling | substandard | unsafe_food,"Hyderabad, Telangana, India",raid | arrest | seizure,irrelevant,0.4952726051913269,"ens_wavg[tfidf_linsvm/full+bge-large_rbfsvm/oilemb+roberta-base_lead_512/full|0.17,0.67,0.17]",1,0,5,4,2026-07-29T03:26:49Z
oil-156fd0980ec51fe6,Shop owner held for selling expired edible oils with tampered labels in Hyderabad,etemaaddaily.com,2025-03-12,https://www.en.etemaaddaily.com/world/hyderabad/shop-owner-held-for-selling-expired-edible-oils-with-tampered-labels-in-hyderabad:171904,Edible Oil,relevant_event,0.95,1,alleged,edible oil,,substandard | mislabeling,"Hyderabad, Telangana, India",arrest,irrelevant,0.3034,Weighted ensemble: TF-IDF Linear SVM + BGE-large RBF-SVM + RoBERTa-base,2,0,1,2,2026-07-28T21:19:27Z
oil-0536bbfbc5745875,Shop owner arrested for selling expired edible oils,thehindu.com,2025-03-11,https://www.thehindu.com/news/national/telangana/shop-owner-arrested-for-selling-expired-edible-oils/article69317546.ece,Edible Oil,relevant_event,0.95,1,alleged,edible oil | Fresh Heart brand oil,,substandard | mislabeling,"Hyderabad, Telangana, India",arrest | seizure,relevant,0.6027,Weighted ensemble: TF-IDF Linear SVM + BGE-large RBF-SVM + RoBERTa-base,2,0,5,3,2026-07-28T18:38:26Z
oil-86a403aef71f924e,"2,300kg of spurious paneer seized",indiatimes.com,2025-03-06,https://timesofindia.indiatimes.com/city/ahmedabad/2300kg-of-spurious-paneer-seized/articleshow/118742649.cms,Edible Oil,unclear,0.85,1,suspected,cottonseed oil,,adulteration | substandard,"Kadi, Mehsana, Gujarat, India",seizure | investigation,,,,0,0,2,8,2026-07-29T08:41:08Z
oil-2a83d0762b1ee1b8,"Fake oil, other items worth Rs8.5 lakh seized | Nagpur News - The Times of India",indiatimes.com,2025-02-16,https://timesofindia.indiatimes.com/city/nagpur/fake-oil-other-items-worth-rs8-5-lakh-seized/articleshow/118285152.cms,Edible Oil,relevant_event,0.95,1,suspected,edible oil,local oil,counterfeit | substitution,"Nagpur, Maharashtra, India",raid | seizure | booking,relevant,0.6327850615796671,"ens_wavg[tfidf_linsvm/full+bge-large_rbfsvm/oilemb+roberta-base_lead_512/full|0.17,0.67,0.17]",1,0,4,5,2026-07-28T23:10:01Z
oil-c3728ff063420cf8,Major crackdown on adulterated ghee and oil in Pokaran over 14000kg seized,timesofindia.indiatimes.com,2025-01-01,https://timesofindia.indiatimes.com/city/jaipur/major-crackdown-on-adulterated-ghee-and-oil-in-pokaran-over-14000kg-seized/articleshow/131486941.cms,Edible Oil,relevant_event,0.95,1,suspected,ghee | edible oil | palm oil | soybean oil | vanaspati,,adulteration,"Pokaran, Jaisalmer, Rajasthan, India",surprise raid | seizure | detention,,,,4,0,6,20,2026-07-29T15:11:10Z
oil-ca9b994ce2d3e502,Hc Questions Lack Of Local Testing Infra For Mustard Oil Adulteration | Chandigarh News - Times of India,indiatimes.com,2024-12-15,https://timesofindia.indiatimes.com/city/chandigarh/hc-questions-lack-of-local-testing-infra-for-mustard-oil-adulteration/articleshow/116327780.cms,Edible Oil,relevant_event,0.85,1,suspected,mustard oil,other oils,adulteration | substitution,"Chandigarh, Punjab and Haryana, India",order to collect mustard oil samples for testing | directive to find central govt policy,relevant,0.7483593569424143,"ens_wavg[tfidf_linsvm/full+bge-large_rbfsvm/oilemb+roberta-base_lead_512/full|0.17,0.67,0.17]",2,0,7,6,2026-07-29T16:21:14Z
oil-2f0a177eecae442b,Investigation into Dropsy Deaths in Nabha: New Committee Formed to Probe Tainted Edible Oil | Chandigarh News - Times of India,indiatimes.com,2024-11-27,https://timesofindia.indiatimes.com/city/chandigarh/investigation-into-dropsy-deaths-in-nabha-new-committee-formed-to-probe-tainted-edible-oil/articleshow/115711329.cms,Edible Oil,relevant_event,0.95,1,lab_confirmed,edible oil | mustard oil,unfit edible oil,adulteration | substandard,"Nabha, Patiala, Punjab, India",advisory | committee formation,relevant,0.5135767479948466,"ens_wavg[tfidf_linsvm/full+bge-large_rbfsvm/oilemb+roberta-base_lead_512/full|0.17,0.67,0.17]",2,0,5,3,2026-07-28T23:28:15Z
oil-b69aa408b924b9b4,"Gautam Budh Nagar: 370 kg sweets, 750 ltr oil seized in food safety checks",hindustantimes.com,2024-10-29,https://www.hindustantimes.com/cities/noida-news/gautam-budh-nagar-370-kg-sweets-750-ltr-oil-seized-in-food-safety-checks-101730140849789.html,Edible Oil,relevant_event,0.95,1,suspected,edible oil,,substandard | unsafe_food,"Noida, Gautam Budh Nagar, Uttar Pradesh, India",seizure,,,,1,0,4,12,2026-07-29T14:16:40Z
oil-a7080ed266c36f88,Health Crisis in Nabha: Urgent Advisory After Fatal Dropsy Cases,indiatimes.com,2024-10-15,https://timesofindia.indiatimes.com/city/chandigarh/health-crisis-in-nabha-urgent-advisory-after-fatal-dropsy-cases/articleshow/114230683.cms,Edible Oil,relevant_event,0.95,1,suspected,mustard oil,argemone,adulteration,"Nabha, Patiala, Punjab, India",advisory,relevant,0.8929,Weighted ensemble: TF-IDF Linear SVM + BGE-large RBF-SVM + RoBERTa-base,2,0,5,11,2026-07-29T12:59:12Z
oil-aca35e8b9bccaa60,Adulterated mustard oil behind 3 dropsy deaths in Nabha: report,hindustantimes.com,2024-10-14,https://www.hindustantimes.com/cities/chandigarh-news/adulterated-mustard-oil-behind-3-dropsy-deaths-in-nabha-report-101728847891766.html,Edible Oil,relevant_event,0.95,1,lab_confirmed,mustard oil,argemone mexicana seeds,adulteration | contamination,"Nabha, Patiala, Punjab, India",survey,relevant,0.7115505895110944,"ens_wavg[tfidf_linsvm/full+bge-large_rbfsvm/oilemb+roberta-base_lead_512/full|0.17,0.67,0.17]",5,0,2,9,2026-07-29T13:22:48Z
oil-9087ba5d7aa31b77,‘3 Dropsy deaths’: Patiala health officials launch probe,hindustantimes.com,2024-10-10,https://www.hindustantimes.com/cities/chandigarh-news/3-dropsy-deaths-patiala-health-officials-launch-probe-101728500333054.html,Edible Oil,relevant_event,0.92,1,suspected,mustard oil,Argemone mexicana seed oil,adulteration | contamination,"Nabha, Patiala, Punjab, India",probe,relevant,0.8445,Weighted ensemble: TF-IDF Linear SVM + BGE-large RBF-SVM + RoBERTa-base,2,0,1,5,2026-07-29T10:24:15Z
oil-3667d1bf7abe81ff,"Inspection Conducted at Burger King Outlet in Malakpet,",deccanchronicle.com,2024-10-01,https://www.deccanchronicle.com/southern-states/telangana/hyderabad-food-safety-dept-seizes-unsafe-cooking-oil-from-burger-king-outlet-1827348,Edible Oil,relevant_event,0.95,1,unclear,palm oil,Total Polar Compound,substandard | contamination,"Hyderabad, Malakpet, Telangana, India",Seizure of 15 litres of cooking oil,irrelevant,0.2743342020610271,"ens_wavg[tfidf_linsvm/full+bge-large_rbfsvm/oilemb+roberta-base_lead_512/full|0.17,0.67,0.17]",4,0,4,2,2026-07-29T00:57:59Z
oil-76b9943656157edc,"Poor quality oil found in kits distributed among tribes, fine of ₹7 lakh imposed on company",thehindu.com,2024-09-05,https://www.thehindu.com/news/national/kerala/poor-quality-oil-found-in-kits-distributed-among-tribes-fine-of-7-lakh-imposed-on-company/article68609646.ece,Edible Oil,relevant_event,0.95,1,alleged,coconut oil,,substandard | mislabeling | unsafe_food,"Thodupuzha, Idukki, Kerala, India",Fine of ₹7 lakh,,,,2,0,5,15,2026-07-29T07:01:22Z
oil-21d4880656b0c52f,FSSAI seizes 14000 litres of oil Kanpur festive season,healthandme.com,2024-09-01,https://www.healthandme.com/nutrition/kanpur-food-adulteration-fssai-seizes-14000l-of-oil-1320kg-rotten-dates-and-more-ahead-of-festive-season-article-153707864,Edible Oil,unclear,0.85,1,suspected,edible oil,,adulteration,"Kanpur, Uttar Pradesh, India",seizure,relevant,0.899515577163256,"ens_wavg[tfidf_linsvm/full+bge-large_rbfsvm/oilemb+roberta-base_lead_512/full|0.17,0.67,0.17]",4,0,9,23,2026-07-28T22:34:36Z
oil-b434a85e1e9196d0,FDA Raid on 21 Food Establishments in Kanpur,indiatimes.com,2024-08-18,https://timesofindia.indiatimes.com/city/kanpur/fda-raid-on-21-food-establishments-in-kanpur/articleshow/112599302.cms,Edible Oil,relevant_event,0.92,1,suspected,mustard oil,,adulteration,"Kanpur, Uttar Pradesh, India",seizure | sample_collection,,,,0,0,1,19,2026-07-29T13:59:17Z
oil-06d5928124689ba0,Raid Conducted on Fast Food Centers and Hotels for Using Adulterated Oils,thehansindia.com,2024-07-11,https://www.thehansindia.com/andhra-pradesh/raid-conducted-on-fast-food-centers-and-hotels-for-using-adulterated-oils-891217,Edible Oil,relevant_event,0.95,1,suspected,adulterated oils,,adulteration,"Badwel, India",warning,irrelevant,0.3897,Weighted ensemble: TF-IDF Linear SVM + BGE-large RBF-SVM + RoBERTa-base,1,0,1,8,2026-07-28T19:11:57Z
oil-846611108e27fafb,"From the pages of The Hindu, July 4, 1974: Edible oil adulterated with used motor oil",thehindu.com,2024-07-04,https://www.thehindu.com/archives/from-the-pages-of-the-hindu-july-4-1974-edible-oil-adulterated-with-used-motor-oil/article68364441.ece,Edible Oil,relevant_event,0.95,1,alleged,edible oil,used motor oil,adulteration,India,written to Ministry of Petroleum and Chemicals | referred to Monopolies and Restrictive Trade Practices Commission,relevant,0.7144802381536722,"ens_wavg[tfidf_linsvm/full+bge-large_rbfsvm/oilemb+roberta-base_lead_512/full|0.17,0.67,0.17]",1,0,5,4,2026-07-29T08:23:31Z
oil-3bd1cf9862ff569d,Fake Edible Oil Ingredients: 6 harmful ingredients found in fake edible oil | - Times of India,indiatimes.com,2024-06-05,https://timesofindia.indiatimes.com/life-style/food-news/harmful-ingredients-in-fake-edible-oil/articleshow/110737364.cms,Edible Oil,relevant_event,0.95,1,alleged,edible oil,Argemone oil,adulteration | counterfeit | mislabeling,"Ajmer, Rajasthan, India",seizure,relevant,0.692216452573848,"ens_wavg[tfidf_linsvm/full+bge-large_rbfsvm/oilemb+roberta-base_lead_512/full|0.17,0.67,0.17]",6,0,18,6,2026-07-29T01:21:10Z
oil-0d7b13a282f9b466,"Health News: Warning signs of diabetes seen in morning, how to identify fake cooking oil, laptop related health issues, common signs of vitamin A deficiency, and more | - The Times of India",indiatimes.com,2024-06-05,https://timesofindia.indiatimes.com/life-style/health-fitness/health-news/toi-health-news-morning-briefing-warning-signs-of-diabetes-seen-in-morning-how-to-identify-fake-cooking-oil-laptop-related-health-issues-common-signs-of-vitamin-a-deficiency-and-more/articleshow/110702015.cms,Edible Oil,relevant_event,0.95,1,suspected,cooking oil,fake cooking oil,counterfeit | adulteration,"Ajmer, Rajasthan, India",seizure,irrelevant,0.2901291950930987,"ens_wavg[tfidf_linsvm/full+bge-large_rbfsvm/oilemb+roberta-base_lead_512/full|0.17,0.67,0.17]",1,0,0,1,2026-07-28T20:37:13Z
oil-63426d939d718e7f,How to identify fake cooking oil? (FSSAI recommended tips) - Times of India,indiatimes.com,2024-06-04,https://timesofindia.indiatimes.com/life-style/health-fitness/health-news/how-to-identify-fake-cooking-oil-fssai-recommended-tips/articleshow/110694766.cms,Edible Oil,relevant_event,0.95,1,suspected,cooking oil,,mislabeling | adulteration,"Ajmer, Rajasthan, India",seizure,relevant,0.8945202964035499,"ens_wavg[tfidf_linsvm/full+bge-large_rbfsvm/oilemb+roberta-base_lead_512/full|0.17,0.67,0.17]",3,0,17,13,2026-07-29T04:44:36Z
oil-7b8839ea47991949,"Over 12,000 litre of âspuriousâ oil seized | Jaipur News - Times of India",indiatimes.com,2024-05-22,https://timesofindia.indiatimes.com/city/jaipur/over-12000-litre-of-spurious-oil-seized/articleshow/110316417.cms,Edible Oil,relevant_event,0.95,1,suspected,Ranthambore brand mustard oil,,substandard,"Jaipur, Rajasthan, India",seizure,relevant,0.8477581365529225,"ens_wavg[tfidf_linsvm/full+bge-large_rbfsvm/oilemb+roberta-base_lead_512/full|0.17,0.67,0.17]",2,0,5,3,2026-07-29T07:37:20Z
oil-a0831d014f72baf3,2 fall ill after consuming McDonald’s cheese and Theobroma cake,indiatimes.com,2024-05-01,https://timesofindia.indiatimes.com/city/noida/2-fall-ill-after-consuming-mcdonalds-cheese-and-theobroma-cake/articleshow/109739869.cms,Edible Oil,unclear,0.85,1,suspected,palm oil,,substandard | contamination,"Noida, Gautam Buddha Nagar, Uttar Pradesh, India",,,,,3,0,3,14,2026-07-29T12:08:50Z
oil-5413f17944743156,"DCA raids clinics, seizes fake organic oils with false claims",thehansindia.com,2024-03-04,https://www.thehansindia.com/telangana/dca-raids-clinics-seizes-fake-organic-oils-with-false-claims-862432,Edible Oil,unclear,0.85,1,suspected,almond oil | walnut oil | kalonji oil,,mislabeling | counterfeit,"Hyderabad, Telangana, India",seizure,relevant,0.678,Weighted ensemble: TF-IDF Linear SVM + BGE-large RBF-SVM + RoBERTa-base,0,0,1,13,2026-07-29T03:21:10Z
oil-a74af7bad030eb8a,MP: Spice Grinding Unit Sealed For Flouting Norms,freepressjournal.in,2024-02-25,https://www.freepressjournal.in/indore/mp-spice-grinding-unit-sealed-for-flouting-norms,Edible Oil,unclear,0.95,1,suspected,soybean oil,,substandard | mislabeling,"Amjhera, Dhar, Madhya Pradesh, India",sealing | confiscation,,,,0,0,5,5,2026-07-29T13:01:39Z
oil-6e721139517af252,MP: 200 Litres Adulterated Mustard Oil Found In Jabalpur Oil Factory During Surprise Inspection,freepressjournal.in,2024-02-19,https://www.freepressjournal.in/bhopal/mp-200-litres-adulterated-mustard-oil-found-in-jabalpur-oil-factory-during-surprise-inspection,Edible Oil,relevant_event,0.95,1,suspected,mustard oil,,substandard | contamination | mislabeling,"Jabalpur, Madhya Pradesh, India",sealing,relevant,0.8136805913011256,"ens_wavg[tfidf_linsvm/full+bge-large_rbfsvm/oilemb+roberta-base_lead_512/full|0.17,0.67,0.17]",1,0,7,2,2026-07-29T05:58:37Z
oil-9c21da748413e6f9,‘Pressing’ issues: Coconut oil first in line for ‘Made in Kerala’ tag,newindianexpress.com,2023-12-22,https://www.newindianexpress.com/states/kerala/2023/dec/22/pressing-issues-coconut-oil-first-in-line-for-made-in-kerala-tag-2643748.html,Edible Oil,relevant_event,0.85,1,suspected,coconut oil,adulterated oil,adulteration,"Thiruvananthapuram, Kerala, India",,relevant,0.5198,Weighted ensemble: TF-IDF Linear SVM + BGE-large RBF-SVM + RoBERTa-base,1,0,4,11,2026-07-29T11:20:07Z
oil-077084a32a4e8faa,Navi Mumbai: 7 booked for selling adulterated edible oil,mid-day.com,2023-12-07,https://www.mid-day.com/mumbai/mumbai-crime-news/article/navi-mumbai-7-booked-for-selling-adulterated-edible-oil-23323774,Edible Oil,relevant_event,0.95,1,alleged,palm oil | groundnut oil | safflower oil,animal fats | harmful substances,adulteration | substitution,"Navi Mumbai, Thane, Maharashtra, India",First Information Report,relevant,0.7117216974740115,"ens_wavg[tfidf_linsvm/full+bge-large_rbfsvm/oilemb+roberta-base_lead_512/full|0.17,0.67,0.17]",2,0,4,3,2026-07-28T19:14:32Z
oil-028241dff8c29c89,'Spurious' food items seized at Ferozepur meritorious school,tribuneindia.com,2023-12-04,https://www.tribuneindia.com/news/punjab/spurious-food-items-seized-at-ferozepur-meritorious-school-568467,Edible Oil,unclear,0.85,1,suspected,refined oil | flour,unknown adulterant,adulteration,"Hakumatwala, Ferozepur, Punjab, India",seizure,irrelevant,0.2628,Weighted ensemble: TF-IDF Linear SVM + BGE-large RBF-SVM + RoBERTa-base,0,0,4,6,2026-07-28T18:08:30Z
oil-829d382c68663635,"Nashik Fda Cracks Down On Adulterated Food Items, Oil | Nashik News - The Times of India",indiatimes.com,2023-11-09,https://timesofindia.indiatimes.com/city/nashik/nashik-fda-cracks-down-on-adulterated-food-items-oil/articleshow/105082876.cms,Edible Oil,relevant_event,0.95,1,suspected,loose oil | shrikhand,,adulteration | substandard,"Nashik, Maharashtra, India",seizure,relevant,0.9009942870544224,"ens_wavg[tfidf_linsvm/full+bge-large_rbfsvm/oilemb+roberta-base_lead_512/full|0.17,0.67,0.17]",4,0,7,9,2026-07-29T08:18:30Z
oil-bfcfd938ead3b8a8,Adani Wilmar files FIR against sale of counterfeit ‘Fortune’ products by Jumbotail,financialexpress.com,2023-07-23,https://www.financialexpress.com/industry/adani-wilmar-files-fir-against-sale-of-counterfeit-fortune-products-by-jumbotail/3183110/,Edible Oil,relevant_event,0.95,1,alleged,mustard oil | soybean oil,,counterfeit,"Gautam Budhnagar, Uttar Pradesh, India",raid | FIR filed,irrelevant,0.4479,Weighted ensemble: TF-IDF Linear SVM + BGE-large RBF-SVM + RoBERTa-base,1,0,5,13,2026-07-29T14:57:28Z
oil-30270b1b4280233d,Adani Wilmar Files Police Complaint Against Sale Of Counterfeit Fortune Brand Products,freepressjournal.in,2023-07-23,https://www.freepressjournal.in/business/adani-wilmar-files-police-complaint-against-sale-of-counterfeit-fortune-brand-products,Edible Oil,unclear,0.95,1,alleged,Fortune Kacchi Ghani Mustard Oil | Fortune Refined Soybean Oil | Fortune Sarso Oil,,counterfeit,"Badalpur, Gautam Budhnagar District, Uttar Pradesh, India",FIR lodged | raid,relevant,0.587,Weighted ensemble: TF-IDF Linear SVM + BGE-large RBF-SVM + RoBERTa-base,0,0,4,15,2026-07-28T23:31:56Z
oil-7269f661e72c703f,Adani Wilmar files police complaint against sale of counterfeit Fortune brand products,indiatimes.com,2023-07-22,https://timesofindia.indiatimes.com/business/india-business/adani-wilmar-files-police-complaint-against-sale-of-counterfeit-fortune-brand-products/articleshow/102043619.cms,Edible Oil,unclear,0.95,1,alleged,Fortune Kacchi Ghani Mustard Oil | Fortune Refined Soybean Oil | Fortune Sarso Oil,,counterfeit,"Gautam Budhnagar, Uttar Pradesh, India",FIR lodged | raid,relevant,0.575,Weighted ensemble: TF-IDF Linear SVM + BGE-large RBF-SVM + RoBERTa-base,0,0,3,16,2026-07-29T06:23:38Z
oil-c1a2f95596a3b00d,Food Dept Seizes 831l Mustard Oil | Kanpur News - Times of India,indiatimes.com,2023-03-06,https://timesofindia.indiatimes.com/city/kanpur/food-dept-seizes-831l-mustard-oil/articleshow/98439612.cms,Edible Oil,unclear,0.85,1,suspected,mustard oil | soyabean oil,,substandard | adulteration,"Kanpur, Uttar Pradesh, India",Seizure of 799 litre mustard oil | Seizure of 34 litre refined soyabean oil,relevant,0.8041298144466288,"ens_wavg[tfidf_linsvm/full+bge-large_rbfsvm/oilemb+roberta-base_lead_512/full|0.17,0.67,0.17]",3,0,1,6,2026-07-29T15:05:21Z
oil-4b88eb2520f8cc22,Bhopal: Lose oil sale; FDA suspends mills’ licence,freepressjournal.in,2022-12-17,https://www.freepressjournal.in/bhopal/bhopal-lose-oil-sale-fda-suspends-mills-licence,Edible Oil,relevant_event,0.95,1,suspected,soybean oil | palmolein oil,,mislabeling | substandard,"Bhopal, Madhya Pradesh, India",suspension of licence,relevant,0.6509,Weighted ensemble: TF-IDF Linear SVM + BGE-large RBF-SVM + RoBERTa-base,1,0,1,8,2026-07-29T03:02:13Z
oil-b96369f55af40397,Govt Cracks Down On Sale Of Adulterated Coconut Oil | Thiruvananthapuram News - Times of India,indiatimes.com,2022-11-17,https://timesofindia.indiatimes.com/city/thiruvananthapuram/govt-cracks-down-on-sale-of-adulterated-coconut-oil/articleshow/95568940.cms,Edible Oil,relevant_event,0.95,1,suspected,coconut oil,sulphur,adulteration | substandard,"Thiruvananthapuram, Kerala, India",Operation Oil | notices | fines,relevant,0.9165677579315566,"ens_wavg[tfidf_linsvm/full+bge-large_rbfsvm/oilemb+roberta-base_lead_512/full|0.17,0.67,0.17]",2,1,3,9,2026-07-29T14:34:23Z
oil-3be954e8def80c8d,Operation Oil: manufacturer to be allowed to launch only one brand of oil ,thehindu.com,2022-11-16,https://www.thehindu.com/news/national/kerala/operation-oil-manufacturer-to-be-allowed-to-launch-only-one-brand-of-oil/article66144992.ece,Edible Oil,unclear,0.95,1,suspected,coconut oil,,adulteration | substandard,"Kerala, India",Operation Oil,relevant,0.9416271420983549,"ens_wavg[tfidf_linsvm/full+bge-large_rbfsvm/oilemb+roberta-base_lead_512/full|0.17,0.67,0.17]",3,0,6,9,2026-07-29T01:23:20Z
oil-7ced813eb9eb1314,Hyderabad: 7 LPG cylinders seized in cordon and search; 10 held,siasat.com,2022-11-06,https://www.siasat.com/hyderabad-7-lpg-cylinders-seized-in-cordon-and-search-10-held-2450708/,Edible Oil,relevant_event,0.95,1,alleged,edible oil,animal carcasses,adulteration,"Hyderabad, Telangana, India",seizure,irrelevant,0.2688,Weighted ensemble: TF-IDF Linear SVM + BGE-large RBF-SVM + RoBERTa-base,1,0,3,4,2026-07-29T07:40:34Z
oil-7ed3f9582cae741d,"Mustard, Palm Olein Oil Worth â¹7.7l Seized | Kanpur News - Times of India",indiatimes.com,2022-10-21,https://timesofindia.indiatimes.com/city/kanpur/mustard-palm-olein-oil-worth-7-7l-seized/articleshow/95000423.cms,Edible Oil,unclear,0.85,1,suspected,mustard oil | palm olein oil,,substandard | adulteration,"Kanpur, Uttar Pradesh, India",seizure,relevant,0.8433136916258085,"ens_wavg[tfidf_linsvm/full+bge-large_rbfsvm/oilemb+roberta-base_lead_512/full|0.17,0.67,0.17]",1,0,3,6,2026-07-29T07:58:27Z
oil-d02d8c31bf513f40,"Uttarakhand: A year on, mustard oil manufacturer, supplier penalised for adulteration | Dehradun News - Times of India",indiatimes.com,2022-10-17,https://timesofindia.indiatimes.com/city/dehradun/uttarakhand-a-year-on-mustard-oil-manufacturer-supplier-penalised-for-adulteration/articleshow/94903787.cms,Edible Oil,relevant_event,0.95,1,lab_confirmed,mustard oil,unspecified,adulteration,"Pauri, Uttarakhand, India",penalty,relevant,0.6180697772580839,"ens_wavg[tfidf_linsvm/full+bge-large_rbfsvm/oilemb+roberta-base_lead_512/full|0.17,0.67,0.17]",1,0,7,2,2026-07-29T17:22:08Z
oil-94951aba738c80b3,"16,600 Kg Mustard Oil Seized In Vki | Jaipur News - Times of India",indiatimes.com,2022-10-14,https://timesofindia.indiatimes.com/city/jaipur/16600-kg-mustard-oil-seized-in-vki/articleshow/94848908.cms,Edible Oil,relevant_event,0.95,1,suspected,mustard oil,,adulteration,"Jaipur, Rajasthan, India",seizure,relevant,0.8785975550730426,"ens_wavg[tfidf_linsvm/full+bge-large_rbfsvm/oilemb+roberta-base_lead_512/full|0.17,0.67,0.17]",0,0,0,8,2026-07-29T10:43:05Z
oil-3c8df3ffa6943fef,2500 litres of suspected adulterated cooking oil seized,thehindu.com,2022-10-12,https://www.thehindu.com/news/cities/Hyderabad/2500-litres-of-suspected-adulterated-cooking-oil-seized/article66001879.ece,Edible Oil,unclear,0.95,1,suspected,cooking oil,,adulteration | mislabeling,"Vennampalli, Karimnagar, Telangana, India",seizure | raid,relevant,0.8455905632918441,"ens_wavg[tfidf_linsvm/full+bge-large_rbfsvm/oilemb+roberta-base_lead_512/full|0.17,0.67,0.17]",0,0,5,5,2026-07-29T01:27:51Z
oil-63f43befc46e25fa,FDA adopts zero-tolerance policy for edible oil sold loose and in reused tins | Nagpur News - Times of India,indiatimes.com,2022-10-04,https://timesofindia.indiatimes.com/city/nagpur/fda-adopts-zero-tolerance-policy-for-edible-oil-sold-loose-and-in-reused-tins/articleshow/94628169.cms,Edible Oil,relevant_event,0.95,1,suspected,edible oil,,substandard | adulteration,"Nagpur, Maharashtra, India",seizure,relevant,0.8549294380140151,"ens_wavg[tfidf_linsvm/full+bge-large_rbfsvm/oilemb+roberta-base_lead_512/full|0.17,0.67,0.17]",2,0,2,16,2026-07-29T04:48:30Z
oil-aa814b41a4920904,Using counterfeit packaging lands Ropar trader in police net,tribuneindia.com,2022-09-16,https://www.tribuneindia.com/news/punjab/using-counterfeit-packaging-lands-trader-in-police-net-432143,Edible Oil,relevant_event,0.95,1,alleged,mustard oil,cheaper brands,substitution | mislabeling | counterfeit,"Ropar, Punjab, India",arrest | seizure,irrelevant,0.3157,Weighted ensemble: TF-IDF Linear SVM + BGE-large RBF-SVM + RoBERTa-base,1,0,6,2,2026-07-29T13:18:40Z
oil-4fbd8c2a2930c559,Chennai: Shop with 4.3 tonnes of blended cooking oil in sump sealed,indiatimes.com,2022-08-24,https://timesofindia.indiatimes.com/city/chennai/chennai-shop-with-4-3-tonnes-of-blended-cooking-oil-in-sump-sealed/articleshow/93741067.cms,Edible Oil,relevant_event,0.95,1,suspected,blended cooking oil,dust | sand,contamination | substandard | unsafe_food,"Chennai, Tamil Nadu, India",sealed | show-cause notice,relevant,0.7123,Weighted ensemble: TF-IDF Linear SVM + BGE-large RBF-SVM + RoBERTa-base,1,0,6,13,2026-07-29T03:14:58Z
oil-0db512df7c0cc7df,"Over 4,000 litre of adulterated oil seized from Chennai store",indianexpress.com,2022-08-23,https://indianexpress.com/article/cities/chennai/over-4-litre-of-adulterated-oil-seized-from-chennai-store-8107733/,Edible Oil,relevant_event,0.95,1,suspected,oil,mud | dust,adulteration | contamination,"Chennai, Tamil Nadu, India",seizure | sealing | notice issued,relevant,0.8571322894083552,"ens_wavg[tfidf_linsvm/full+bge-large_rbfsvm/oilemb+roberta-base_lead_512/full|0.17,0.67,0.17]",3,0,4,8,2026-07-28T20:40:36Z
oil-8236cb0c375f7c7f,Alcohol poisoning and edible oil fraud cases soar in India,foodnavigator-asia.com,2022-08-15,https://www.foodnavigator-asia.com/Article/2022/08/15/alcohol-poisoning-and-edible-oil-fraud-cases-soar-in-india/,Edible Oil,relevant_event,0.95,1,alleged,edible oil,adulterated oil,adulteration | counterfeit,"Rajasthan, India",confiscation,irrelevant,0.3646053693868905,"ens_wavg[tfidf_linsvm/full+bge-large_rbfsvm/oilemb+roberta-base_lead_512/full|0.17,0.67,0.17]",2,0,8,21,2026-07-29T08:15:58Z
oil-722884cee1da5016,Ganj Basoda: Adulterated Oil surfaces in markets ahead of the festival season,freepressjournal.in,2022-07-29,https://www.freepressjournal.in/bhopal/ganj-basoda-adulterated-oil-surfaces-in-markets-ahead-of-the-festival-season,Edible Oil,relevant_event,0.95,1,alleged,edible oil,adulterated oil,adulteration | substitution | mislabeling,"Ganj Basoda, Madhya Pradesh, India",,relevant,0.7888174889564717,"ens_wavg[tfidf_linsvm/full+bge-large_rbfsvm/oilemb+roberta-base_lead_512/full|0.17,0.67,0.17]",6,0,4,2,2026-07-29T06:20:12Z
oil-4bd4c6831e9c7077,Khargone: Edible oil worth Rs 50 lakh seized,freepressjournal.in,2022-06-22,https://www.freepressjournal.in/indore/khargone-edible-oil-worth-rs-50-lakh-seized,Edible Oil,relevant_event,0.95,1,suspected,edible oil,,mislabeling | unsafe_food,"Khargone, Madhya Pradesh, India",seizure | raid,irrelevant,0.4964872490839554,"ens_wavg[tfidf_linsvm/full+bge-large_rbfsvm/oilemb+roberta-base_lead_512/full|0.17,0.67,0.17]",0,0,1,9,2026-07-29T03:05:22Z
oil-9790eee6e00c0018,"tinsukia police: Tinsukia Police Bust Oil Adulteration Racket Arrest 4, One On The Run",indiatimes.com,2022-06-05,https://timesofindia.indiatimes.com/city/guwahati/tinsukia-police-bust-oil-adulteration-racket-arrest-4-one-on-the-run/articleshow/92013793.cms,Edible Oil,unclear,0.85,1,suspected,condensate oil,condensate oil,adulteration | substitution,"Tinsukia, Assam, India",arrest | seizure,irrelevant,0.355,Weighted ensemble: TF-IDF Linear SVM + BGE-large RBF-SVM + RoBERTa-base,1,0,7,10,2026-07-29T10:54:31Z
oil-85127f0bde3109d3,Oil’s not well? Food safety teams smell fraud,thehindu.com,2022-04-04,https://www.thehindu.com/news/cities/Hyderabad/oils-not-well-food-safety-teams-smell-fraud/article65290089.ece,Edible Oil,relevant_event,0.85,1,suspected,edible oil,old oil,adulteration | substitution,"Telangana, India",sampling,relevant,0.8715256357618476,"ens_wavg[tfidf_linsvm/full+bge-large_rbfsvm/oilemb+roberta-base_lead_512/full|0.17,0.67,0.17]",8,0,3,8,2026-07-29T08:25:49Z
oil-09a4e4c4bd7a4ed0,"Vigilance Continues Raids, Monitors Edible Oil Trade | Vijayawada News - Times of India",indiatimes.com,2022-03-21,https://timesofindia.indiatimes.com/city/vijayawada/vigilance-continues-raids-monitors-edible-oil-trade/articleshow/90341966.cms,Edible Oil,relevant_event,0.95,1,alleged,edible oil,spurious oil,adulteration | substandard,"Vijayawada, Krishna, Andhra Pradesh, India",registration of criminal cases,irrelevant,0.4831315027247889,"ens_wavg[tfidf_linsvm/full+bge-large_rbfsvm/oilemb+roberta-base_lead_512/full|0.17,0.67,0.17]",1,0,3,6,2026-07-28T19:49:58Z
oil-3aa9d09717e53c24,Visakhapatnam: Traders find new ways to strike a deal,thehansindia.com,2022-03-12,https://www.thehansindia.com/news/cities/visakhapatnam/visakhapatnam-traders-find-new-ways-to-strike-a-deal-733011,Edible Oil,unclear,0.85,1,suspected,edible oil,,mislabeling,"Visakhapatnam, Andhra Pradesh, India",raid | seizure | case_filed,irrelevant,0.2845,Weighted ensemble: TF-IDF Linear SVM + BGE-large RBF-SVM + RoBERTa-base,1,0,7,11,2026-07-29T01:16:29Z
oil-08837290b8f04c6c,"Maha govt, FDA crack down on oil manufacturers to check on adulteration",indiatimes.com,2022-01-28,https://economictimes.indiatimes.com/industry/cons-products/food/maha-govt-fda-crack-down-on-oil-manufacturers-to-check-on-adulteration/articleshow/89178574.cms,Edible Oil,relevant_event,0.95,1,suspected,sunflower oil | palm oil,palm oil,adulteration | substitution,"Mumbai, Navi Mumbai, Maharashtra, India",raid,relevant,0.680249171962088,"ens_wavg[tfidf_linsvm/full+bge-large_rbfsvm/oilemb+roberta-base_lead_512/full|0.17,0.67,0.17]",2,0,0,8,2026-07-28T19:20:16Z
oil-73603e3fbe5b2e10,185 spurious mustard oil cans seized in Burrabazar | Kolkata News - Times of India,indiatimes.com,2021-11-27,https://timesofindia.indiatimes.com/city/kolkata/185-spurious-mustard-oil-cans-seized-in-burrabazar/articleshow/87938067.cms,Edible Oil,relevant_event,0.95,1,suspected,mustard oil,rice bran oil,adulteration | substitution,"Kolkata, West Bengal, India",raid | seizure | detention,relevant,0.8510212505655528,"ens_wavg[tfidf_linsvm/full+bge-large_rbfsvm/oilemb+roberta-base_lead_512/full|0.17,0.67,0.17]",4,0,18,6,2026-07-29T06:28:16Z
oil-bd1df718191f8f6e,Tribunal slaps Rs 2 lakh fine on oil producer,newindianexpress.com,2021-11-06,https://www.newindianexpress.com/cities/thiruvananthapuram/2021/nov/06/tribunal-slaps-rs-2-lakh-fine-on-oil-producer-2380042.html,Edible Oil,relevant_event,0.95,1,unclear,coconut oil,,substandard,"Kunnathunadu panchayat, Ernakulam, Kerala, India",Rs 2 lakh fine,,,,3,0,2,5,2026-07-29T14:52:22Z
oil-66b89ef48f4536a9,"Indore: In ongoing war against adulteration, 3K lt edible oil seized from two units",freepressjournal.in,2021-09-26,https://www.freepressjournal.in/indore/indore-in-ongoing-war-against-adulteration-3k-lt-edible-oil-seizedfrom-two-units,Edible Oil,relevant_event,0.95,1,suspected,edible oil,,adulteration,"Indore, Madhya Pradesh, India",raid | seizure,relevant,0.752403651074907,"ens_wavg[tfidf_linsvm/full+bge-large_rbfsvm/oilemb+roberta-base_lead_512/full|0.17,0.67,0.17]",0,0,3,6,2026-07-29T05:33:02Z
oil-9ab1d36fc93cf95c,Kurnool police arrest five member gang involved in selling fake oils and tea powders using fake labels of top FMCGs,indiatimes.com,2021-09-06,https://timesofindia.indiatimes.com/city/amaravati/kurnool-police-arrest-five-member-gang-involved-in-selling-fake-oils-and-tea-powders-using-fake-labels-of-top-fmcgs/articleshow/85978555.cms,Edible Oil,relevant_event,0.95,1,alleged,coconut oil,,counterfeit | mislabeling,"Kurnool, Andhra Pradesh, India",arrest | seizure | case registration,relevant,0.5533,Weighted ensemble: TF-IDF Linear SVM + BGE-large RBF-SVM + RoBERTa-base,2,0,3,10,2026-07-29T11:02:55Z
oil-5ac9372e2a178a90,"Nagpur: Adulterated edible oil racket busted, 3 booked | Nagpur News - Times of India",indiatimes.com,2021-06-17,https://timesofindia.indiatimes.com/city/nagpur/adulterated-edible-oil-racket-busted-3-booked/articleshow/83588940.cms,Edible Oil,relevant_event,0.95,1,alleged,edible oil,impure edible oil,adulteration | counterfeit | mislabeling,"Nagpur, Maharashtra, India",booking of three persons | seizure of adulterated oil,relevant,0.8942772848383711,"ens_wavg[tfidf_linsvm/full+bge-large_rbfsvm/oilemb+roberta-base_lead_512/full|0.17,0.67,0.17]",1,0,4,5,2026-07-29T03:32:19Z
oil-4877f76e174824e5,Patanjali mustard oil found to be of substandard food quality: Rajasthan govt,indiatoday.in,2021-06-10,https://www.indiatoday.in/india/rajasthan/story/patanjali-mustard-oil-substandard-quality-rajasthan-govt-1812995-2021-06-10?utm_source=rss,Edible Oil,relevant_event,0.95,1,alleged,mustard oil,,substandard,"Alwar, Rajasthan, India",raid on Singhania oil mill,relevant,0.7685099387027947,"ens_wavg[tfidf_linsvm/full+bge-large_rbfsvm/oilemb+roberta-base_lead_512/full|0.17,0.67,0.17]",4,0,2,9,2026-07-29T02:42:10Z
oil-a776d4d8a8c71497,Adulteration in edible oil detected ,thehindu.com,2021-04-22,https://www.thehindu.com/news/cities/Tiruchirapalli/adulteration-in-edible-oil-detected/article34386473.ece,Edible Oil,relevant_event,0.95,1,suspected,refined sunflower oil | palm oil,palm oil,adulteration | substitution | mislabeling,"Tiruchi, Tamil Nadu, India",suspend operations | seizure,relevant,0.942019995967352,"ens_wavg[tfidf_linsvm/full+bge-large_rbfsvm/oilemb+roberta-base_lead_512/full|0.17,0.67,0.17]",2,0,2,6,2026-07-29T13:04:56Z
oil-13fd5c31e278a577,"Adulteration found in paneer, mustard oil & honey in Doon | Dehradun News - Times of India",indiatimes.com,2021-03-23,https://timesofindia.indiatimes.com/city/dehradun/adulteration-found-in-paneer-mustard-oil-honey-in-doon/articleshow/81638388.cms,Edible Oil,unclear,0.95,1,unclear,mustard oil,,adulteration,"Dehradun, Uttarakhand, India",,irrelevant,0.4492838459400656,"ens_wavg[tfidf_linsvm/full+bge-large_rbfsvm/oilemb+roberta-base_lead_512/full|0.17,0.67,0.17]",0,0,4,6,2026-07-28T21:16:20Z
oil-7885df1b5e223e8b,Mumbai: Over 50% edible oils seized in raids found non-certified,freepressjournal.in,2021-02-02,https://www.freepressjournal.in/mumbai/mumbai-over-50-edible-oils-seized-in-raids-found-non-certified,Edible Oil,relevant_event,0.95,1,pending_test,mustard oil | peanut oil | sunflower oil | palm oil,,substandard | mislabeling,"Mumbai, Thane, Maharashtra, India",seizure | inspection,relevant,0.7366998079318416,"ens_wavg[tfidf_linsvm/full+bge-large_rbfsvm/oilemb+roberta-base_lead_512/full|0.17,0.67,0.17]",4,0,3,3,2026-07-29T07:19:12Z
oil-992710122346e1a9,15000 litres of adulterated cooking oil seized by FSSAI,timesofindia.indiatimes.com,2019-07-01,https://timesofindia.indiatimes.com/life-style/food-news/15000-litres-of-adulterated-cooking-oil-seized-by-fssai/photostory/70872567.cms,Edible Oil,unclear,0.95,1,suspected,groundnut oil | coconut oil | sunflower oil | refined palm olein,refined palm olein,adulteration | substitution | dilution,"Coimbatore, Tamil Nadu, India",seizure | warehouse sealed,relevant,0.820154357945758,"ens_wavg[tfidf_linsvm/full+bge-large_rbfsvm/oilemb+roberta-base_lead_512/full|0.17,0.67,0.17]",0,0,4,16,2026-07-29T10:59:57Z
