url,attempted_url,status,http_status,word_count,title,source,date,query_family,query_id,extraction_status,extraction_method,raw_html_path,cleaned_text_path,error_message
http://www.uniindia.com/30-per-cent-of-seized-40-cooking-oil-samples-found-unfit-for-use-fda/west/news/2322545.html,http://www.uniindia.com/30-per-cent-of-seized-40-cooking-oil-samples-found-unfit-for-use-fda/west/news/2322545.html,failed,404,,30 per cent of seized 40 cooking oil samples found unfit for use: FDA,uniindia.com,2021-02-18,title_only,title_oils_enforcement,,,,,HTTP 404 (playwright)
https://www.business-standard.com/article/current-affairs/fssai-asks-states-to-ban-blending-of-mustard-oil-with-other-cooking-oil-121060901403_1.html,https://www.business-standard.com/amp/article/current-affairs/fssai-asks-states-to-ban-blending-of-mustard-oil-with-other-cooking-oil-121060901403_1.html,failed,403,,FSSAI asks states to ban blending of mustard oil with other cooking oil,business-standard.com,2021-06-09,title_only,title_oils_enforcement,,,,,Playwright: empty page
https://arunachaltimes.in/index.php/2021/06/10/fssai-asks-states-to-enforce-decision-to-ban-blending-of-mustard-oil-with-other-cooking-oil/,https://arunachaltimes.in/index.php/2021/06/10/fssai-asks-states-to-enforce-decision-to-ban-blending-of-mustard-oil-with-other-cooking-oil/,failed,404,,FSSAI asks states to enforce decision to ban blending of mustard oil with other cooking oil,arunachaltimes.in,2021-06-10,title_only,title_oils_enforcement,,,,,HTTP 404 (playwright)
https://www.sify.com/news/mumbai-dri-seizes-heroin-hidden-in-cooking-oil-cargo-news-national-vkipktbeefffg.html,https://www.sify.com/news/mumbai-dri-seizes-heroin-hidden-in-cooking-oil-cargo-news-national-vkipktbeefffg.html,failed,403,,Mumbai DRI seizes heroin hidden in cooking oil cargo,sify.com,2021-10-08,title_only,title_oils_enforcement,,,,,Playwright: empty page
https://www.news18.com/news/india/90-of-mustard-oil-adulterated-stop-using-oil-for-prices-to-fall-assam-bjp-mla-says-4390799.html,https://www.news18.com/news/india/90-of-mustard-oil-adulterated-stop-using-oil-for-prices-to-fall-assam-bjp-mla-says-4390799.html/amp,failed,403,,"90% of Mustard Oil Adulterated; Stop Using Oil for Prices to Fall, Assam BJP MLA Says",news18.com,2021-11-01,boolean,boolean_named_oils_fraud,,,,,Playwright: empty page
https://www.business-standard.com/article/economy-policy/2-42-pc-of-4-461-different-edible-oils-samples-found-to-be-substandard-fssai-121122901139_1.html,https://www.business-standard.com/amp/article/economy-policy/2-42-pc-of-4-461-different-edible-oils-samples-found-to-be-substandard-fssai-121122901139_1.html,failed,403,,"2.4% of 4,461 different edible oils samples found to be sub-standard: FSSAI",business-standard.com,2021-12-29,boolean,boolean_core_oils_fraud,,,,,Playwright: empty page
https://www.news18.com/lifestyle/how-to-differentiate-between-genuine-and-fake-cooking-oil-8924772.html,https://www.news18.com/lifestyle/how-to-differentiate-between-genuine-and-fake-cooking-oil-8924772.html/amp,failed,403,,How To Differentiate Between Genuine And Fake Cooking Oil,news18.com,2024-06-07,boolean,boolean_core_oils_fraud,,,,,Playwright: empty page
https://food.ndtv.com/news/samples-of-golgappa-water-coffee-found-substandard-mustard-oil-mis-branded-in-himachals-una-7069957,https://food.ndtv.com/news/samples-of-golgappa-water-coffee-found-substandard-mustard-oil-mis-branded-in-himachals-una-7069957?amp=1,failed,403,,"Food Safety Alert: Substandard Golgappa Water, Coffee, And Misbranded Mustard Oil In Una",ndtv.com,2024-11-21,boolean,boolean_named_oils_fraud,,,,,Playwright: empty page
https://www.news18.com/agency-feeds/over-4-lakh-litres-seized-in-drive-against-substandard-edible-oil-in-up-9935864.html,https://www.news18.com/agency-feeds/over-4-lakh-litres-seized-in-drive-against-substandard-edible-oil-in-up-9935864.html/amp,failed,403,,Over 4 lakh litres seized in drive against substandard edible oil in UP,news18.com,2026-02-28,boolean,boolean_core_oils_fraud,,,,,Playwright: empty page
https://www.news18.com/lifestyle/food/is-your-mustard-oil-real-adulteration-found-in-crores-of-indian-kitchens-test-yours-in-2-minutes-ws-e-9981533.html,https://www.news18.com/lifestyle/food/is-your-mustard-oil-real-adulteration-found-in-crores-of-indian-kitchens-test-yours-in-2-minutes-ws-e-9981533.html/amp,failed,403,,Is Your Mustard Oil Real? Adulteration Found In Crores Of Indian Kitchens,news18.com,2026-03-17,boolean,boolean_named_oils_fraud,,,,,Playwright: empty page
https://www.ndtv.com/food/unsafe-oil-aata-worth-rs-64-lakh-busted-in-hyderabad-raids-38-arrested-in-4-months-11401791,https://www.ndtv.com/food/unsafe-oil-aata-worth-rs-64-lakh-busted-in-hyderabad-raids-38-arrested-in-4-months-11401791?amp=1,failed,403,,"Unsafe Oil, <i>Aata</i> Worth Rs 64 Lakh Seized In Hyderabad Raids, 38 Arrested In 4 Months",ndtv.com,2026-04-24,boolean,boolean_core_oils_fraud,,,,,Playwright: empty page
https://munsifdaily.in/sl-prez-imposes-immediate-ban-on-palm-oil-import/,https://munsifdaily.in/sl-prez-imposes-immediate-ban-on-palm-oil-import/,failed,404,,SL Prez imposes immediate ban on palm oil import,munsifdaily.in,2021-04-06,title_only,title_oils_enforcement,,,,,HTTP 404 (playwright)
https://www.news18.com/news/world/sri-lanka-bans-palm-oil-imports-with-immediate-effect-asks-plantations-to-uproot-trees-3612191.html,https://www.news18.com/news/world/sri-lanka-bans-palm-oil-imports-with-immediate-effect-asks-plantations-to-uproot-trees-3612191.html/amp,failed,403,,"Sri Lanka Bans Palm Oil Imports with Immediate Effect, Asks Plantations to Uproot Trees",news18.com,2021-04-06,title_only,title_oils_enforcement,,,,,Playwright: empty page
https://www.business-standard.com/article/markets/india-s-series-of-interventions-arrest-domestic-spike-in-palm-oil-prices-121122401080_1.html,https://www.business-standard.com/amp/article/markets/india-s-series-of-interventions-arrest-domestic-spike-in-palm-oil-prices-121122401080_1.html,failed,403,,India's series of interventions arrest domestic spike in palm oil prices,business-standard.com,2021-12-24,title_only,title_oils_enforcement,,,,,Playwright: empty page
https://www.newkerala.com/news/2021/181185.htm,https://www.newkerala.com/news/2021/181185.htm,failed,404,,Indias series of interventions arrest domestic spike in palm oil prices,newkerala.com,2021-12-27,title_only,title_oils_enforcement,,,,,HTTP 404 (playwright)
https://www.business-standard.com/article/economy-policy/indonesia-ban-on-palm-oil-exports-starting-april-28-rattles-indian-markets-122042201291_1.html,https://www.business-standard.com/amp/article/economy-policy/indonesia-ban-on-palm-oil-exports-starting-april-28-rattles-indian-markets-122042201291_1.html,failed,403,,Indonesia ban on palm oil exports starting April 28 rattles Indian markets,business-standard.com,2022-04-22,title_only,title_oils_enforcement,,,,,Playwright: empty page
https://www.business-standard.com/article/international/mayhem-ensues-as-indonesia-bans-edible-oil-exports-amid-shortage-122042201027_1.html,https://www.business-standard.com/amp/article/international/mayhem-ensues-as-indonesia-bans-edible-oil-exports-amid-shortage-122042201027_1.html,failed,403,,'Mayhem' ensues as Indonesia bans edible oil exports amid shortage,business-standard.com,2022-04-22,title_only,title_oils_enforcement,,,,,Playwright: empty page
https://www.business-standard.com/article/international/palm-oil-export-ban-will-hurt-other-countries-but-necessary-indonesia-fm-122042300061_1.html,https://www.business-standard.com/amp/article/international/palm-oil-export-ban-will-hurt-other-countries-but-necessary-indonesia-fm-122042300061_1.html,failed,403,,"Palm oil export ban will hurt other countries, but necessary: Indonesia FM",business-standard.com,2022-04-23,title_only,title_oils_enforcement,,,,,Playwright: empty page
https://www.business-standard.com/article/markets/soyoil-prices-surge-to-record-high-as-indonesia-bans-palm-oil-exports-122042201287_1.html,https://www.business-standard.com/amp/article/markets/soyoil-prices-surge-to-record-high-as-indonesia-bans-palm-oil-exports-122042201287_1.html,failed,403,,Soyoil prices surge to record high as Indonesia bans palm oil exports,business-standard.com,2022-04-23,title_only,title_oils_enforcement,,,,,Playwright: empty page
https://www.ndtv.com/business/indonesias-exports-ban-of-palm-oil-resultant-markets-shock-report-2913113,https://www.ndtv.com/business/indonesias-exports-ban-of-palm-oil-resultant-markets-shock-report-2913113?amp=1,failed,403,,Indonesia's Exports Ban Of Palm Oil; Resultant Markets Shock: Report,ndtv.com,2022-04-23,title_only,title_oils_enforcement,,,,,Playwright: empty page
https://www.news18.com/news/business/indonesia-bans-export-of-palm-oil-india-to-get-affected-all-you-need-to-know-5039449.html,https://www.news18.com/news/business/indonesia-bans-export-of-palm-oil-india-to-get-affected-all-you-need-to-know-5039449.html/amp,failed,403,,Edible Oil Prices to Hike Further as Indonesia Bans Export of Palm Oil; Know Details,news18.com,2022-04-23,title_only,title_oils_enforcement,,,,,Playwright: empty page
https://www.news18.com/news/world/indonesia-to-ban-palm-oil-exports-president-widodo-cites-domestic-shortage-5035831.html,https://www.news18.com/news/world/indonesia-to-ban-palm-oil-exports-president-widodo-cites-domestic-shortage-5035831.html/amp,failed,403,,"Indonesia To Ban Palm Oil Exports, President Widodo Cites Domestic Shortage",news18.com,2022-04-23,title_only,title_oils_enforcement,,,,,Playwright: empty page
https://www.business-standard.com/article/markets/hul-britannia-marico-dip-up-to-6-as-indonesia-bans-palm-oil-exports-122042500202_1.html,https://www.business-standard.com/amp/article/markets/hul-britannia-marico-dip-up-to-6-as-indonesia-bans-palm-oil-exports-122042500202_1.html,failed,403,,"HUL, Britannia, Marico drop up to 6% as Indonesia bans palm oil exports",business-standard.com,2022-04-25,title_only,title_oils_enforcement,,,,,Playwright: empty page
https://www.business-standard.com/article/markets/palm-oil-export-ban-adani-wilmar-sets-to-jump-10-fmcg-index-holds-50-dma-122042500331_1.html,https://www.business-standard.com/amp/article/markets/palm-oil-export-ban-adani-wilmar-sets-to-jump-10-fmcg-index-holds-50-dma-122042500331_1.html,failed,403,,"Tech view: Will Indonesia's palm oil export ban hurt HUL, Adani Wilmar?",business-standard.com,2022-04-25,title_only,title_oils_enforcement,,,,,Playwright: empty page
https://www.business-standard.com/article/markets/palm-oil-prices-surge-on-indonesia-ban-in-risk-to-global-food-inflation-122042500424_1.html,https://www.business-standard.com/amp/article/markets/palm-oil-prices-surge-on-indonesia-ban-in-risk-to-global-food-inflation-122042500424_1.html,failed,403,,Palm oil prices surge on Indonesia ban in risk to global food inflation,business-standard.com,2022-04-25,title_only,title_oils_enforcement,,,,,Playwright: empty page
https://www.business-standard.com/article/markets/tech-view-will-indonesia-s-palm-oil-export-ban-hurt-hul-adani-wilmar-122042500331_1.html,https://www.business-standard.com/amp/article/markets/tech-view-will-indonesia-s-palm-oil-export-ban-hurt-hul-adani-wilmar-122042500331_1.html,failed,403,,"Tech view: Will Indonesia's palm oil export ban hurt HUL, Adani Wilmar?",business-standard.com,2022-04-25,title_only,title_oils_enforcement,,,,,Playwright: empty page
https://www.firstpost.com/business/explained-indonesias-palm-oil-export-ban-india-chocolates-shampoos-soaps-costly-10597421.html,https://www.firstpost.com/amp/business/explained-indonesias-palm-oil-export-ban-india-chocolates-shampoos-soaps-costly-10597421.html,failed,404,,Explained: How Indonesia’s palm oil export ban will impact your everyday life,firstpost.com,2022-04-25,title_only,title_oils_enforcement,,,,,HTTP 404 (playwright)
https://www.moneycontrol.com/news/opinion/indonesian-palm-oil-export-ban-set-to-raise-indian-inflation-8405201.html,https://www.moneycontrol.com/amp/news/opinion/indonesian-palm-oil-export-ban-set-to-raise-indian-inflation-8405201.html,failed,403,,Indonesian palm oil export ban set to raise Indian inflation,moneycontrol.com,2022-04-25,title_only,title_oils_enforcement,,,,,Playwright: empty page
https://www.moneycontrol.com/news/world/indonesias-palm-oil-export-ban-leaves-global-buyers-with-no-plan-b-8406841.html,https://www.moneycontrol.com/amp/news/world/indonesias-palm-oil-export-ban-leaves-global-buyers-with-no-plan-b-8406841.html,failed,403,,Indonesia's palm oil export ban leaves global buyers with no plan B,moneycontrol.com,2022-04-25,title_only,title_oils_enforcement,,,,,Playwright: empty page
https://www.news18.com/news/business/soaps-shampoos-noodles-edible-oil-prices-may-rise-further-as-indonesia-bans-palm-oil-export-5046943.html,https://www.news18.com/news/business/soaps-shampoos-noodles-edible-oil-prices-may-rise-further-as-indonesia-bans-palm-oil-export-5046943.html/amp,failed,403,,"Soaps, Shampoos, Noodles, Edible Oil Prices May Rise Further as Indonesia Bans Palm Oil Export",news18.com,2022-04-25,title_only,title_oils_enforcement,,,,,Playwright: empty page
https://www.ndtv.com/india-news/grocery-shock-for-india-others-as-indonesia-bans-cooking-oil-exports-2921546,https://www.ndtv.com/india-news/grocery-shock-for-india-others-as-indonesia-bans-cooking-oil-exports-2921546?amp=1,failed,403,,"Grocery Shock For India, Others As Indonesia Bans Cooking Oil Exports",ndtv.com,2022-04-26,title_only,title_oils_enforcement,,,,,Playwright: empty page
https://www.business-standard.com/article/economy-policy/indonesia-stuns-markets-by-widening-ban-to-include-cpo-refined-palm-oil-122042701175_1.html,https://www.business-standard.com/amp/article/economy-policy/indonesia-stuns-markets-by-widening-ban-to-include-cpo-refined-palm-oil-122042701175_1.html,failed,403,,"Indonesia stuns markets by widening ban to include CPO, refined palm oil",business-standard.com,2022-04-27,title_only,title_oils_enforcement,,,,,Playwright: empty page
https://www.ndtv.com/business/india-bound-palm-oil-shipments-stuck-due-to-indonesia-export-ban-2928116,https://www.ndtv.com/business/india-bound-palm-oil-shipments-stuck-due-to-indonesia-export-ban-2928116?amp=1,failed,403,,India-Bound Palm Oil Shipments Stuck Due To Indonesia Export Ban,ndtv.com,2022-04-28,title_only,title_oils_enforcement,,,,,Playwright: empty page
https://www.ndtv.com/business/indonesia-also-bans-crude-refined-palm-oil-exports-in-policy-reversal-2926158,https://www.ndtv.com/business/indonesia-also-bans-crude-refined-palm-oil-exports-in-policy-reversal-2926158?amp=1,failed,403,,"Indonesia Also Bans Crude, Refined Palm Oil Exports In Policy Reversal",ndtv.com,2022-04-28,title_only,title_oils_enforcement,,,,,Playwright: empty page
https://www.news18.com/news/business/indonesias-palm-oil-export-ban-effective-today-heres-what-you-need-to-know-5068273.html,https://www.news18.com/news/business/indonesias-palm-oil-export-ban-effective-today-heres-what-you-need-to-know-5068273.html/amp,failed,403,,Indonesia's Palm Oil Export Ban Effective Today: Here's What You Need To Know,news18.com,2022-04-28,title_only,title_oils_enforcement,,,,,Playwright: empty page
https://www.news18.com/news/business/soap-shampoo-chocolate-price-hikes-is-indonesias-palm-oil-export-ban-impact-for-short-term-5093935.html,https://www.news18.com/news/business/soap-shampoo-chocolate-price-hikes-is-indonesias-palm-oil-export-ban-impact-for-short-term-5093935.html/amp,failed,403,,"Soap, Shampoo, Chocolate Price Hikes: Is Indonesia's Palm Oil Export Ban Impact For Short Term?",news18.com,2022-05-02,title_only,title_oils_enforcement,,,,,Playwright: empty page
https://www.news18.com/news/business/price-rise-will-be-last-resort-impact-of-palm-oil-ban-to-be-temporary-hul-ceo-5114773.html,https://www.news18.com/news/business/price-rise-will-be-last-resort-impact-of-palm-oil-ban-to-be-temporary-hul-ceo-5114773.html/amp,failed,403,,Price Rise will be Last Resort; Impact of Palm Oil Ban to Be Temporary: HUL CEO,news18.com,2022-05-05,title_only,title_oils_enforcement,,,,,Playwright: empty page
https://www.news18.com/news/world/indonesian-farmers-stage-protests-against-palm-oil-export-ban-5188249.html,https://www.news18.com/news/world/indonesian-farmers-stage-protests-against-palm-oil-export-ban-5188249.html/amp,failed,403,,Indonesian Farmers Stage Protests Against Palm Oil Export Ban,news18.com,2022-05-17,title_only,title_oils_enforcement,,,,,Playwright: empty page
https://www.business-standard.com/article/economy-policy/indonesian-export-ban-brings-india-s-edible-oil-dependency-back-in-focus-122051701553_1.html,https://www.business-standard.com/amp/article/economy-policy/indonesian-export-ban-brings-india-s-edible-oil-dependency-back-in-focus-122051701553_1.html,failed,403,,Indonesian export ban brings India's edible oil dependency back in focus,business-standard.com,2022-05-18,title_only,title_oils_enforcement,,,,,Playwright: empty page
https://www.business-standard.com/article/current-affairs/top-headlines-sc-s-verdict-on-gst-indonesia-to-lift-palm-oil-export-ban-122051901146_1.html,https://www.business-standard.com/amp/article/current-affairs/top-headlines-sc-s-verdict-on-gst-indonesia-to-lift-palm-oil-export-ban-122051901146_1.html,failed,403,,Top headlines: SC's verdict on GST; Indonesia to lift palm oil export ban,business-standard.com,2022-05-19,title_only,title_oils_enforcement,,,,,Playwright: empty page
https://www.business-standard.com/article/economy-policy/indonesia-to-lift-palm-oil-export-ban-likely-giving-india-big-relief-122051901378_1.html,https://www.business-standard.com/amp/article/economy-policy/indonesia-to-lift-palm-oil-export-ban-likely-giving-india-big-relief-122051901378_1.html,failed,403,,"Indonesia to lift palm oil export ban, likely giving India 'big relief'",business-standard.com,2022-05-19,title_only,title_oils_enforcement,,,,,Playwright: empty page
https://www.business-standard.com/article/international/indonesia-to-lift-palm-oil-export-ban-from-monday-says-president-122051900938_1.html,https://www.business-standard.com/amp/article/international/indonesia-to-lift-palm-oil-export-ban-from-monday-says-president-122051900938_1.html,failed,403,,"Indonesia to lift palm oil export ban from Monday, says President",business-standard.com,2022-05-19,title_only,title_oils_enforcement,,,,,Playwright: empty page
https://www.ndtv.com/world-news/indonesia-to-lift-ban-on-palm-oil-exports-next-week-2990839,https://www.ndtv.com/world-news/indonesia-to-lift-ban-on-palm-oil-exports-next-week-2990839?amp=1,failed,403,,Indonesia To Lift Ban On Palm Oil Exports Next Week,ndtv.com,2022-05-19,title_only,title_oils_enforcement,,,,,Playwright: empty page
https://www.news18.com/news/business/indonesia-to-lift-palm-oil-export-ban-from-monday-president-joko-widodo-5206363.html,https://www.news18.com/news/business/indonesia-to-lift-palm-oil-export-ban-from-monday-president-joko-widodo-5206363.html/amp,failed,403,,Indonesia to Lift Palm Oil Export Ban from Monday: President Joko Widodo,news18.com,2022-05-19,title_only,title_oils_enforcement,,,,,Playwright: empty page
https://www.news18.com/news/business/cooking-oil-price-to-come-down-as-indonesia-lifts-ban-on-palm-oil-export-know-here-5227543.html,https://www.news18.com/news/business/cooking-oil-price-to-come-down-as-indonesia-lifts-ban-on-palm-oil-export-know-here-5227543.html/amp,failed,403,,Cooking Oil Price to Come Down as Indonesia Lifts Ban on Palm Oil Export? Know Here,news18.com,2022-05-23,title_only,title_oils_enforcement,,,,,Playwright: empty page
https://www.business-standard.com/article/international/enough-to-meet-local-demand-malaysia-rules-out-cooking-oil-export-curbs-122052500122_1.html,https://www.business-standard.com/amp/article/international/enough-to-meet-local-demand-malaysia-rules-out-cooking-oil-export-curbs-122052500122_1.html,failed,403,,'Enough to meet local demand': Malaysia rules out cooking oil export ban,business-standard.com,2022-05-25,title_only,title_oils_enforcement,,,,,Playwright: empty page
https://www.business-standard.com/article/economy-policy/india-s-may-palm-oil-imports-surge-to-7-month-high-despite-indonesia-s-ban-122060600356_1.html,https://www.business-standard.com/amp/article/economy-policy/india-s-may-palm-oil-imports-surge-to-7-month-high-despite-indonesia-s-ban-122060600356_1.html,failed,403,,India's May palm oil imports surge to 7-month high despite Indonesia's ban,business-standard.com,2022-06-06,title_only,title_oils_enforcement,,,,,Playwright: empty page
https://www.ndtv.com/business/despite-indonesia-ban-indias-may-palm-oil-imports-rose-to-7-month-high-3041815,https://www.ndtv.com/business/despite-indonesia-ban-indias-may-palm-oil-imports-rose-to-7-month-high-3041815?amp=1,failed,403,,"Despite Indonesia Ban, India's May Palm Oil Imports Rose To 7-Month High",ndtv.com,2022-06-06,title_only,title_oils_enforcement,,,,,Playwright: empty page
https://www.newkerala.com/news/2022/161869.htm,https://www.newkerala.com/news/2022/161869.htm,failed,404,,"Futures trading key for price risk management, says edible oil industry as SEBI extends ban",newkerala.com,2022-12-23,title_only,title_oils_enforcement,,,,,HTTP 404 (playwright)
https://www.news18.com/business/edible-oil-body-sea-urges-govt-to-lift-ban-on-commodity-futures-trading-9133564.html,https://www.news18.com/business/edible-oil-body-sea-urges-govt-to-lift-ban-on-commodity-futures-trading-9133564.html/amp,failed,403,,Edible Oil Body SEA Urges Govt to Lift Ban on Commodity Futures Trading,news18.com,2024-11-25,title_only,title_oils_enforcement,,,,,Playwright: empty page
https://www.news18.com/lifestyle/fact-check-can-coconut-oil-and-a-bandage-heal-a-torn-earlobe-in-7-days-9244700.html,https://www.news18.com/lifestyle/fact-check-can-coconut-oil-and-a-bandage-heal-a-torn-earlobe-in-7-days-9244700.html/amp,failed,403,,Fact Check: Can Coconut Oil And A Bandage Heal A Torn Earlobe In 7 Days?,news18.com,2025-02-28,title_only,title_oils_enforcement,,,,,Playwright: empty page
https://www.hindustantimes.com/world-news/indonesia-arrests-judges-who-cleared-palm-oil-companies-of-graft-charges-101744607934844.html,https://www.hindustantimes.com/world-news/indonesia-arrests-judges-who-cleared-palm-oil-companies-of-graft-charges-101744607934844.html,failed,410,,Indonesia arrests judges who cleared palm oil companies of graft charges,hindustantimes.com,2025-04-14,title_only,title_oils_enforcement,,,,,HTTP 410 (playwright)
