article_id,title,source,date,url,file_path,query_family,query_id,rule_candidate,oil_role,final_label,confidence,reason,evidence_phrase,edible_oil_terms,adulteration_action_terms,negative_terms,llm_label,llm_confidence,llm_reason,llm_model,word_count
068350a9-1c36-48c8-8fcd-7e5e55a45d21,FSSAI asks states to enforce decision to ban blending of mustard oil with other cooking oil,indiatimes.com,2021-06-09,https://economictimes.indiatimes.com/news/india/fssai-asks-states-to-enforce-decision-to-ban-blending-of-mustard-oil-with-other-cooking-oil/articleshow/83373116.cms,C:\Users\yuvra\OneDrive\Desktop\RAship\FoodComputing\news_crawler\data\runs\edible_oils_boolean_title_proximity_2026-06-22\mediacloud\cleaned_text\economictimes.indiatimes.com\285defbf6d07d836.txt,title_only,title_oils_enforcement,True,adulterated_product,manual_review,0.74,Edible-oil term appears close to adulteration/enforcement language.,"Authority to carry out an inspection drive. As per the FSSAI regulations, blending of two edible oils is permitted, provided the proportion by weight of any edible vegetable oil used in the",edible oil; cooking oil; mustard oil; vegetable oil,food safety; FSSAI; inspection,,,,,,107
5bd477ba-ebfb-400d-86db-068f50cb697d,FSSAI urges states to enforce ban on blending of mustard oil with other cooking oils - BusinessToday,businesstoday.in,2021-06-09,https://www.businesstoday.in/current/economy-politics/fssai-urges-states-to-enforce-ban-on-blending-of-mustard-oil-with-other-cooking-oils/story/441253.html,C:\Users\yuvra\OneDrive\Desktop\RAship\FoodComputing\news_crawler\data\runs\edible_oils_boolean_title_proximity_2026-06-22\mediacloud\cleaned_text\businesstoday.in\a3fdf3046e30ac7c.txt,title_only,title_oils_enforcement,True,adulterated_product,manual_review,0.74,Edible-oil term appears close to adulteration/enforcement language.,"Authority to carry out an inspection drive. As per the FSSAI regulations, blending of two edible oils is permitted, provided the proportion by weight of any edible vegetable oil used in the",edible oil; cooking oil; mustard oil; vegetable oil,food safety; FSSAI; inspection,,,,,,215
102029c5-36e5-40b8-b1e0-1dad0e00be43,FSSAI asks states to enforce decision to ban blending of mustard oil with other cooking oil,livemint.com,2021-06-09,https://www.livemint.com/news/india/fssai-asks-states-to-enforce-decision-to-ban-blending-of-mustard-oil-with-other-cooking-oil-11623253163555.html,C:\Users\yuvra\OneDrive\Desktop\RAship\FoodComputing\news_crawler\data\runs\edible_oils_boolean_title_proximity_2026-06-22\mediacloud\cleaned_text\livemint.com\4186a8aef41f3576.txt,title_only,title_oils_enforcement,True,adulterated_product,manual_review,0.74,Edible-oil term appears close to adulteration/enforcement language.,"Authority to carry out an inspection drive. As per the FSSAI regulations, blending of two edible oils is permitted, provided the proportion by weight of any edible vegetable oil used in the",edible oil; cooking oil; mustard oil; vegetable oil,food safety; FSSAI; inspection,,,,,,260
a3f71942-5625-4159-ac0c-01fd16122e75,FDA warns outlets against repeated use of edible oil | Nagpur News - Times of India,indiatimes.com,2022-05-27,https://timesofindia.indiatimes.com/city/nagpur/fda-warns-outlets-against-repeated-use-of-edible-oil/articleshow/91821386.cms,C:\Users\yuvra\OneDrive\Desktop\RAship\FoodComputing\news_crawler\data\runs\edible_oils_boolean_title_proximity_2026-06-22\mediacloud\cleaned_text\timesofindia.indiatimes.com\92520197fa2cca2f.txt,title_only,title_oils_enforcement,True,adulterated_product,manual_review,0.74,Edible-oil term appears close to adulteration/enforcement language.,FDA warns outlets against repeated use of edible oil | Nagpur News - Times of India Nagpur: The Food and Drugs Administration (FDA) has collec,edible oil,unsafe; food safety; FDA; Food Safety Officer; inspection,,,,,,369
20fcaf5a-642c-47df-aa70-1885af131081,Blended edible oil beneficial: FSSAI | Today News,livemint.com,2023-10-18,https://www.livemint.com/news/india/blended-edible-oil-beneficial-fssai-11697567700962.html,C:\Users\yuvra\OneDrive\Desktop\RAship\FoodComputing\news_crawler\data\runs\edible_oils_boolean_title_proximity_2026-06-22\mediacloud\cleaned_text\livemint.com\17a522fd14678851.txt,title_only,title_oils_enforcement,True,adulterated_product,manual_review,0.74,Edible-oil term appears close to adulteration/enforcement language.,Blended edible oil beneficial: FSSAI | Today News The Food Safety and Standards Authority of India (FSSAI) h,edible oil; mustard oil; soybean oil; palm oil; sunflower oil; vegetable oil,food safety; FSSAI; banned,,,,,,526
9f0b5a3c-1947-464b-baab-0236bea42e05,FDA to ban Brominated Vegetable Oil in soda and food; here’s how it was impacting your health,indiatimes.com,2023-11-03,https://economictimes.indiatimes.com/news/international/us/fda-to-ban-brominated-vegetable-oil-in-soda-and-food-heres-how-it-was-impacting-your-health/articleshow/104950776.cms,C:\Users\yuvra\OneDrive\Desktop\RAship\FoodComputing\news_crawler\data\runs\edible_oils_boolean_title_proximity_2026-06-22\mediacloud\cleaned_text\economictimes.indiatimes.com\eddfd7037ea0ed92.txt,title_only,title_oils_enforcement,True,adulterated_product,manual_review,0.74,Edible-oil term appears close to adulteration/enforcement language.,FDA to ban Brominated Vegetable Oil in soda and food; here’s how it was impacting your health The FDA's stance is rooted in f,vegetable oil,food safety; FDA; banned,,,,,,544
cfda1425-bfd4-49db-b266-895ec8e6cec9,California leads the way as FDA moves to outlaw brominated vegetable oil in sports drinks - Times of India,indiatimes.com,2023-11-03,https://timesofindia.indiatimes.com/world/us/california-leads-the-way-as-fda-moves-to-outlaw-brominated-vegetable-oil-in-sports-drinks/articleshow/104949719.cms,C:\Users\yuvra\OneDrive\Desktop\RAship\FoodComputing\news_crawler\data\runs\edible_oils_boolean_title_proximity_2026-06-22\mediacloud\cleaned_text\timesofindia.indiatimes.com\9fc720e4422ec01c.txt,title_only,title_oils_enforcement,True,adulterated_product,manual_review,0.74,Edible-oil term appears close to adulteration/enforcement language.,"California leads the way as FDA moves to outlaw brominated vegetable oil in sports drinks - Times of India In a major development, the Food and Drug Administratio",vegetable oil,FDA; banned,,,,,,423
1fcb37d8-94a1-4a26-b473-2a2291a77719,The mustard oil mystery: Why is it banned in the US and Europe?,indiatimes.com,2023-12-18,https://timesofindia.indiatimes.com/life-style/health-fitness/health-news/the-mustard-oil-mystery-why-is-it-banned-in-the-us-and-europe/photostory/106086699.cms,C:\Users\yuvra\OneDrive\Desktop\RAship\FoodComputing\news_crawler\data\runs\edible_oils_boolean_title_proximity_2026-06-22\mediacloud\cleaned_text\timesofindia.indiatimes.com\ff079513224fff0c.txt,title_only,title_oils_enforcement,True,adulterated_product,manual_review,0.74,Edible-oil term appears close to adulteration/enforcement language.,"ding the effects on humans, regulatory bodies such as the FDA acted and prohibited edible mustard oil due to its high erucic acid content. The FDA reclassified mustard oil as ""for external us",mustard oil; soybean oil,FDA; banned,,,,,,455
63ef86b6-4de6-4350-814e-753c089d5afe, Fast-food giant replacing cheese with cheaper vegetable oil: Maharashtra FDA | India News - The Times of India,indiatimes.com,2024-02-23,https://timesofindia.indiatimes.com/india/fast-food-giant-replacing-cheese-with-cheaper-vegetable-oil-maharashtra-fda/articleshow/107923964.cms,C:\Users\yuvra\OneDrive\Desktop\RAship\FoodComputing\news_crawler\data\runs\edible_oils_boolean_title_proximity_2026-06-22\mediacloud\cleaned_text\timesofindia.indiatimes.com\0e920a8e6fcec438.txt,title_only,title_oils_enforcement,True,adulterated_product,manual_review,0.74,Edible-oil term appears close to adulteration/enforcement language.,Fast-food giant replacing cheese with cheaper vegetable oil: Maharashtra FDA | India News - The Times of India MUMBAI: Maharashtra FDA has cracked do,vegetable oil,FDA; inspection,,,,,,307
2350aa77-afb4-4751-8908-a0307b2707b7,"'Use only milk-based real cheese,' McDonald's says after Maharashtra FDA accuses fast food giant of using vegetable oil - Times of India",indiatimes.com,2024-02-24,https://timesofindia.indiatimes.com/business/india-business/use-only-milk-based-real-cheese-mcdonalds-says-after-maharashtra-fda-accuses-fast-food-giant-of-using-vegetable-oil/articleshow/107958419.cms,C:\Users\yuvra\OneDrive\Desktop\RAship\FoodComputing\news_crawler\data\runs\edible_oils_boolean_title_proximity_2026-06-22\mediacloud\cleaned_text\timesofindia.indiatimes.com\78aa356bf92e6af0.txt,title_only,title_oils_enforcement,True,adulterated_product,manual_review,0.74,Edible-oil term appears close to adulteration/enforcement language.,"ased real cheese,' McDonald's says after Maharashtra FDA accuses fast food giant of using vegetable oil - Times of India NEW DELHI: Amid allegations of using substitutes instead of real cheese,",vegetable oil,FDA; inspection,,,,,,459
d31b2352-dff7-41b8-ac10-811bedd4abd7,Indians love their mustard oil but it is banned in the US; this is why,indianexpress.com,2024-06-26,https://indianexpress.com/article/lifestyle/food-wine/indians-mustard-oil-spices-banned-us-west-why-9378439/,C:\Users\yuvra\OneDrive\Desktop\RAship\FoodComputing\news_crawler\data\runs\edible_oils_boolean_title_proximity_2026-06-22\mediacloud\cleaned_text\indianexpress.com\44413fef9e73a486.txt,boolean,boolean_oils_enforcement_evidence,True,adulterated_product,manual_review,0.74,Edible-oil term appears close to adulteration/enforcement language.,"Indians love their mustard oil but it is banned in the US; this is why Indian cuisine, vibrant and diverse, boasts a uni",mustard oil,contamination; food safety; banned,,,,,,430
f844bf7d-f33e-4ca9-9b71-4b1fadc75332,Explained: Why consumption of mustard oil is banned in the US and Europe - The Times of India,indiatimes.com,2024-06-28,https://timesofindia.indiatimes.com/life-style/food-news/explained-why-consumption-of-mustard-oil-is-banned-in-the-us-and-europe/articleshow/111333738.cms,C:\Users\yuvra\OneDrive\Desktop\RAship\FoodComputing\news_crawler\data\runs\edible_oils_boolean_title_proximity_2026-06-22\mediacloud\cleaned_text\timesofindia.indiatimes.com\d82445b66b7812c3.txt,title_only,title_oils_enforcement,True,adulterated_product,manual_review,0.74,Edible-oil term appears close to adulteration/enforcement language.,Explained: Why consumption of mustard oil is banned in the US and Europe - The Times of India Indian cuisine is full of aroma and f,cooking oil; mustard oil,FDA; banned,,,,,,825
e5fa55d5-8bd5-49c9-b471-b8f0e3d4d6b8,"US FDA to ban use of brominated vegetable oil in food, soda",indianexpress.com,2024-07-03,https://indianexpress.com/article/world/us-fda-to-ban-use-of-brominated-vegetable-oil-in-food-soda-9429422/,C:\Users\yuvra\OneDrive\Desktop\RAship\FoodComputing\news_crawler\data\runs\edible_oils_boolean_title_proximity_2026-06-22\mediacloud\cleaned_text\indianexpress.com\d2be7ddcfae14e57.txt,title_only,title_oils_enforcement,True,adulterated_product,manual_review,0.74,Edible-oil term appears close to adulteration/enforcement language.,"US FDA to ban use of brominated vegetable oil in food, soda The U.S. Food and Drug Administration said on Tuesday it would revoke the r",vegetable oil,FDA; banned,,,,,,386
a876cbfb-da1d-4cbc-95d9-0f12e4dcfda9,FSSAI issues notices to 55 edible oil manufacturers | Ahmedabad News - Times of India,indiatimes.com,2024-07-09,https://timesofindia.indiatimes.com/city/ahmedabad/fssai-issues-notices-to-55-edible-oil-manufacturers/articleshow/111591411.cms,C:\Users\yuvra\OneDrive\Desktop\RAship\FoodComputing\news_crawler\data\runs\edible_oils_boolean_title_proximity_2026-06-22\mediacloud\cleaned_text\timesofindia.indiatimes.com\5f716a31c8b05fea.txt,title_only,title_oils_enforcement,True,adulterated_product,manual_review,0.74,Edible-oil term appears close to adulteration/enforcement language.,"control administration (FDCA) and FSSAI have asked manufacturers to only use new tins for edible oils, but many are still reusing tins. FSSAI notice states, âIn the interest of food safety a",edible oil,food safety; FSSAI,,,,,,169
e3df64bc-e1ed-4c2f-bd66-0cb0385c9469,"Food safety scandal: Fuel tanker trucks used to transport cooking oil in China, suggests report - Times of India",indiatimes.com,2024-07-10,https://timesofindia.indiatimes.com/world/china/food-safety-scandal-fuel-tanker-trucks-used-to-transport-cooking-oil-in-china-suggests-report/articleshow/111628414.cms,C:\Users\yuvra\OneDrive\Desktop\RAship\FoodComputing\news_crawler\data\runs\edible_oils_boolean_title_proximity_2026-06-22\mediacloud\cleaned_text\timesofindia.indiatimes.com\bb6234dd0f60eba4.txt,boolean,boolean_core_oils_fraud,True,adulterated_product,manual_review,0.74,Edible-oil term appears close to adulteration/enforcement language.,"Food safety scandal: Fuel tanker trucks used to transport cooking oil in China, suggests report - Times of India China's food safety commission is set to inves",cooking oil; soybean oil,contamination; food safety,,,,,,346
c7296282-fadd-4ad4-90b8-628c8f656e1b,"NHRC notice to Health Ministry, FSSAI on 'widespread reuse of cooking oil'",indiatimes.com,2025-10-24,https://economictimes.indiatimes.com/news/india/nhrc-notice-to-health-ministry-fssai-on-widespread-reuse-of-cooking-oil/articleshow/124790502.cms,C:\Users\yuvra\OneDrive\Desktop\RAship\FoodComputing\news_crawler\data\runs\edible_oils_boolean_title_proximity_2026-06-22\mediacloud\cleaned_text\economictimes.indiatimes.com\fa049c8b6419bdc8.txt,boolean,boolean_core_oils_fraud,True,adulterated_product,manual_review,0.74,Edible-oil term appears close to adulteration/enforcement language.,"NHRC notice to Health Ministry, FSSAI on 'widespread reuse of cooking oil' The National Human Rights Commission (NHRC) directed a probe into the allegations and th",cooking oil,food safety; FSSAI,,,,,,212
30d59a6d-a8dd-41e3-bd7b-0ea19932a2b1,NHRC issues notice to FSSAI over rampant reuse of cooking oil by eateries,etemaaddaily.com,2025-10-27,https://www.en.etemaaddaily.com/health/nhrc-issues-notice-to-fssai-over-rampant-reuse-of-cooking-oil-by-eateries:183618,C:\Users\yuvra\OneDrive\Desktop\RAship\FoodComputing\news_crawler\data\runs\edible_oils_boolean_title_proximity_2026-06-22\mediacloud\cleaned_text\en.etemaaddaily.com\990611c833a5c7f0.txt,boolean,boolean_core_oils_fraud,True,adulterated_product,manual_review,0.74,Edible-oil term appears close to adulteration/enforcement language.,NHRC issues notice to FSSAI over rampant reuse of cooking oil by eateries Urdu Matrimonials Classifieds World Business Sports Entertainment Health Crim,cooking oil,FSSAI,,,,,,593
9929d4ff-ea91-452f-ab91-9293d496f997,Repeated reuse of cooking oil can trigger serious health risks: Food Safety official,morungexpress.com,2026-04-23,https://morungexpress.com/repeated-reuse-of-cooking-oil-can-trigger-serious-health-risks-food-safety-official,C:\Users\yuvra\OneDrive\Desktop\RAship\FoodComputing\news_crawler\data\runs\edible_oils_boolean_title_proximity_2026-06-22\mediacloud\cleaned_text\morungexpress.com\e616e78532e9c55f.txt,boolean,boolean_core_oils_fraud,True,adulterated_product,manual_review,0.74,Edible-oil term appears close to adulteration/enforcement language.,Repeated reuse of cooking oil can trigger serious health risks: Food Safety official Attendees during the awareness cam,cooking oil,misbranded; food safety; FSSAI; Food Safety Officer,,,,,,298
62d066c4-37e0-4721-9fd3-f6a841813925,Food regulator bans blending of mustard oil with other edible oils,financialexpress.com,2021-03-31,https://www.financialexpress.com/market/commodities/food-regulator-bans-blending-of-mustard-oil-with-other-edible-oils/2223586/,C:\Users\yuvra\OneDrive\Desktop\RAship\FoodComputing\news_crawler\data\runs\edible_oils_boolean_title_proximity_2026-06-22\mediacloud\cleaned_text\financialexpress.com\35c23c6b20555217.txt,title_only,title_oils_enforcement,True,adulterated_product,manual_review,0.74,Edible-oil term appears close to adulteration/enforcement language.,"Food regulator bans blending of mustard oil with other edible oils The food standard regulator, FSSAI, has banned blending of any kind of edible oil with m",edible oil; mustard oil; soybean oil; vegetable oil,food safety; FSSAI; banned,,,,,,535
ec80beb1-bbc7-4489-88d9-94cbc3ee3c41,"Sebi bans launch of new derivative contracts of crude palm oil, few other agri commodities",financialexpress.com,2021-12-20,https://www.financialexpress.com/market/commodities/sebi-bans-launch-of-new-derivative-contracts-of-crude-palm-oil-few-other-agri-commodities/2384767/,C:\Users\yuvra\OneDrive\Desktop\RAship\FoodComputing\news_crawler\data\runs\edible_oils_boolean_title_proximity_2026-06-22\mediacloud\cleaned_text\financialexpress.com\a60c30705eb641a3.txt,title_only,title_oils_enforcement,True,adulterated_product,manual_review,0.74,Edible-oil term appears close to adulteration/enforcement language.,"Sebi bans launch of new derivative contracts of crude palm oil, few other agri commodities Markets watchdog Sebi has banned the launch of new derivative",edible oil; soybean oil; palm oil,banned,,,,,,595
8accf064-3ad7-4a57-a449-7a11757fb4cb,Sebi bans launch of new derivative contracts of crude palm oil,theweek.in,2021-12-20,https://www.theweek.in/news/biz-tech/2021/12/20/sebi-bans-launch-of-new-derivative-contracts-of-crude-palm-oil.html,C:\Users\yuvra\OneDrive\Desktop\RAship\FoodComputing\news_crawler\data\runs\edible_oils_boolean_title_proximity_2026-06-22\mediacloud\cleaned_text\theweek.in\1a9541154e7d5b80.txt,title_only,title_oils_enforcement,True,adulterated_product,manual_review,0.74,Edible-oil term appears close to adulteration/enforcement language.,Sebi bans launch of new derivative contracts of crude palm oil Markets watchdog Sebi has banned the launch of new derivative contracts of crude palm oil,edible oil; soybean oil; palm oil,banned,,,,,,593
a5edbb79-cf33-4ce7-9204-8ba8a6f6f107,A Look At What Is Likely To Get Costlier After Indonesia Bans Palm Oil Exports,india.com,2022-04-25,https://www.india.com/business/from-chocolates-to-shampoos-a-look-at-what-is-likely-to-get-costlier-after-indonesia-bans-palm-oil-exports-5356730/,C:\Users\yuvra\OneDrive\Desktop\RAship\FoodComputing\news_crawler\data\runs\edible_oils_boolean_title_proximity_2026-06-22\mediacloud\cleaned_text\india.com\dfa430fb16870ccb.txt,title_only,title_oils_enforcement,True,adulterated_product,manual_review,0.74,Edible-oil term appears close to adulteration/enforcement language.,"bigger holes in their pockets for a while now. Indonesia, last week, banned the export of palm oil from April 28. It must be noted that it is the largest producer of palm oil in the world.",palm oil; sunflower oil,banned,,,,,,324
d9c32aac-10be-4e3a-8b30-0e818295ab52,FMCGs may pinch more if Indonesia bans crude palm oil exports too,indiatimes.com,2022-04-26,https://economictimes.indiatimes.com/markets/commodities/news/fmcgs-may-pinch-more-if-indonesia-bans-crude-palm-oil-exports-too/articleshow/91087103.cms,C:\Users\yuvra\OneDrive\Desktop\RAship\FoodComputing\news_crawler\data\runs\edible_oils_boolean_title_proximity_2026-06-22\mediacloud\cleaned_text\economictimes.indiatimes.com\2fc59c66edb5bb1f.txt,title_only,title_oils_enforcement,True,adulterated_product,manual_review,0.74,Edible-oil term appears close to adulteration/enforcement language.,"said Mayank Shah, senior category head, Parle Products. Last Friday, Indonesia banned the palm oil exports until further notice, a move that industry officials and analysts felt could make",edible oil; palm oil; sunflower oil,banned,,,,,,842
146e2ef6-256d-4381-b9f3-1e3324ea4961,Edible oil industry readies for tough time over Indonesian ban on exports,indianexpress.com,2022-04-29,https://indianexpress.com/article/cities/pune/edible-oil-industry-readies-for-tough-time-over-indonesian-ban-on-exports-7892515/,C:\Users\yuvra\OneDrive\Desktop\RAship\FoodComputing\news_crawler\data\runs\edible_oils_boolean_title_proximity_2026-06-22\mediacloud\cleaned_text\indianexpress.com\c7ef72bdc074f0c1.txt,title_only,title_oils_enforcement,True,adulterated_product,manual_review,0.74,Edible-oil term appears close to adulteration/enforcement language.,molien oil while crude palm oil (CPO) and RBD palm oil are allowed to be shipped. INDIA’S EDIBLE oil industry is up for some tough time after Indonesia completely banned the export of palm o,edible oil; refined oil; soya oil; palm oil,banned,,,,,,648
fc9dae81-e7b3-4244-8cd3-46b389831e11,Indonesia's ban on palm oil exports a concern but impact to be transitory: FMCG industry,indiatimes.com,2022-05-01,https://economictimes.indiatimes.com/industry/cons-products/fmcg/indonesias-ban-on-palm-oil-exports-a-concern-but-impact-to-be-transitory-fmcg-industry/articleshow/91234387.cms,C:\Users\yuvra\OneDrive\Desktop\RAship\FoodComputing\news_crawler\data\runs\edible_oils_boolean_title_proximity_2026-06-22\mediacloud\cleaned_text\economictimes.indiatimes.com\b01c2188e04363c3.txt,title_only,title_oils_enforcement,True,adulterated_product,manual_review,0.74,Edible-oil term appears close to adulteration/enforcement language.,"l producer, banned shipments of crude palm oil (CPO), adding to the previous sanctions on refined oil, to soften the prices in its domestic market. However, the Indian industry and experts ex",refined oil; palm oil; rice bran oil; cottonseed oil,banned,,,,,,565
a4fd333b-7e27-413b-bdcb-2679b449deec,Indonesia lifts ban on cooking oil export as supply improves,financialexpress.com,2022-05-19,https://www.financialexpress.com/market/commodities/indonesia-lifts-ban-on-cooking-oil-export-as-supply-improves/2531309/,C:\Users\yuvra\OneDrive\Desktop\RAship\FoodComputing\news_crawler\data\runs\edible_oils_boolean_title_proximity_2026-06-22\mediacloud\cleaned_text\financialexpress.com\a7500b6c2d3c885a.txt,title_only,title_oils_enforcement,True,adulterated_product,manual_review,0.74,Edible-oil term appears close to adulteration/enforcement language.,ussia. Palm oil prices went up 200per cent or higher after Indonesia banned the export of cooking oil and its raw materials to reduce local shortages and hold down skyrocketing prices. Widodo,cooking oil; palm oil; sunflower oil,banned,,,,,,288
f8a4f2f3-c69f-45e1-af6e-aae26b623e6e,Edible oil prices to come down as Indonesia lifts export ban,financialexpress.com,2022-05-20,https://www.financialexpress.com/market/commodities/edible-oil-prices-to-come-down-as-indonesia-lifts-export-ban/2531601/,C:\Users\yuvra\OneDrive\Desktop\RAship\FoodComputing\news_crawler\data\runs\edible_oils_boolean_title_proximity_2026-06-22\mediacloud\cleaned_text\financialexpress.com\d93c34cd7603d224.txt,title_only,title_oils_enforcement,True,adulterated_product,manual_review,0.74,Edible-oil term appears close to adulteration/enforcement language.,"xporter of palm oil, had banned exports from April 28, 2022 to curb the spike in domestic cooking oil prices. The ban on exports comes at a time when, because of the Russia-Ukraine conflict,",edible oil; cooking oil; refined oil; palm oil; sunflower oil,banned,,,,,,479
02c8e4fd-fff3-4dd8-b11f-734530060cfb,Edible oil makers urge for lifting of futures trade ban on crude palm oil and soy oil on commodity exchanges,financialexpress.com,2022-09-13,https://www.financialexpress.com/market/commodities/edible-oil-makers-urge-for-lifting-of-futures-trade-ban-on-crude-palm-oil-and-soy-oil-on-commodity-exchanges/2664648/,C:\Users\yuvra\OneDrive\Desktop\RAship\FoodComputing\news_crawler\data\runs\edible_oils_boolean_title_proximity_2026-06-22\mediacloud\cleaned_text\financialexpress.com\f7f7f448a398ef18.txt,title_only,title_oils_enforcement,True,adjacent_or_unclear,manual_review,0.55,"Edible-oil and adulteration/action terms both appear, but product role is not clear.",Edible oil makers urge for lifting of futures trade ban on crude palm oil and soy oil on commodity exchanges The Solvent Extractors’ Association (SEA),edible oil; mustard oil; soya oil; palm oil,banned,,,,,,493
8624e266-dab8-4448-ad08-b451538d5832,"5, including cop, arrested for stealing cooking oil in Pakistan. They used a police van",hindustantimes.com,2023-07-07,https://www.hindustantimes.com/world-news/5-including-cop-arrested-for-stealing-cooking-oil-in-pakistan-they-used-a-police-van-101688694534952.html,C:\Users\yuvra\OneDrive\Desktop\RAship\FoodComputing\news_crawler\data\runs\edible_oils_boolean_title_proximity_2026-06-22\mediacloud\cleaned_text\hindustantimes.com\48b27371edf76dcd.txt,title_only,title_oils_enforcement,True,adjacent_or_unclear,manual_review,0.55,"Edible-oil and adulteration/action terms both appear, but product role is not clear.","5, including cop, arrested for stealing cooking oil in Pakistan. They used a police van 5, including cop, arrested for stealing cooking oil in Pakistan. They used a police van Pakistan: The p",cooking oil,seized; raid,,,,,,286
36abdaaa-a5a1-4fb2-b6b3-dfab8489599d,Edible oil industry urges Centre not to extend export ban on de-oiled rice bran,bombaynews.net,2024-05-26,https://www.bombaynews.net/news/274385248/edible-oil-industry-urges-centre-not-to-extend-export-ban-on-de-oiled-rice-bran,C:\Users\yuvra\OneDrive\Desktop\RAship\FoodComputing\news_crawler\data\runs\edible_oils_boolean_title_proximity_2026-06-22\mediacloud\cleaned_text\bombaynews.net\6e066f050489ee64.txt,title_only,title_oils_enforcement,True,adjacent_or_unclear,manual_review,0.55,"Edible-oil and adulteration/action terms both appear, but product role is not clear.","Edible oil industry urges Centre not to extend export ban on de-oiled rice bran New Delhi [India], May 26 (ANI): Edible oil industry body Solvent Extr",edible oil; vegetable oil,banned,,,,,,466
4731cfeb-94c2-48d2-ac0c-6b4c944a4aef,Edible oil industry urges Centre not to extend export ban on de-oiled rice bran,indiasnews.net,2024-05-26,https://www.indiasnews.net/news/274385248/edible-oil-industry-urges-centre-not-to-extend-export-ban-on-de-oiled-rice-bran,C:\Users\yuvra\OneDrive\Desktop\RAship\FoodComputing\news_crawler\data\runs\edible_oils_boolean_title_proximity_2026-06-22\mediacloud\cleaned_text\indiasnews.net\d3d1d9e14cc1c805.txt,title_only,title_oils_enforcement,True,adjacent_or_unclear,manual_review,0.55,"Edible-oil and adulteration/action terms both appear, but product role is not clear.","Edible oil industry urges Centre not to extend export ban on de-oiled rice bran New Delhi [India], May 26 (ANI): Edible oil industry body Solvent Extr",edible oil; vegetable oil,banned,,,,,,466
42ac1f30-d624-4648-bed5-de4d916652ab,Edible oil industry urges Centre not to extend export ban on de-oiled rice bran,mumbainews.net,2024-05-26,https://www.mumbainews.net/news/274385248/edible-oil-industry-urges-centre-not-to-extend-export-ban-on-de-oiled-rice-bran,C:\Users\yuvra\OneDrive\Desktop\RAship\FoodComputing\news_crawler\data\runs\edible_oils_boolean_title_proximity_2026-06-22\mediacloud\cleaned_text\mumbainews.net\87c7c6b84783ec1e.txt,title_only,title_oils_enforcement,True,adjacent_or_unclear,manual_review,0.55,"Edible-oil and adulteration/action terms both appear, but product role is not clear.","Edible oil industry urges Centre not to extend export ban on de-oiled rice bran New Delhi [India], May 26 (ANI): Edible oil industry body Solvent Extr",edible oil; vegetable oil,banned,,,,,,466
10dc9ef2-7dfb-4a2f-8382-739ea4a89ee5,Edible oil industry urges Centre not to extend export ban on de-oiled rice bran,newdelhinews.net,2024-05-26,https://www.newdelhinews.net/news/274385248/edible-oil-industry-urges-centre-not-to-extend-export-ban-on-de-oiled-rice-bran,C:\Users\yuvra\OneDrive\Desktop\RAship\FoodComputing\news_crawler\data\runs\edible_oils_boolean_title_proximity_2026-06-22\mediacloud\cleaned_text\newdelhinews.net\074f791bd982d544.txt,title_only,title_oils_enforcement,True,adjacent_or_unclear,manual_review,0.55,"Edible-oil and adulteration/action terms both appear, but product role is not clear.","Edible oil industry urges Centre not to extend export ban on de-oiled rice bran New Delhi [India], May 26 (ANI): Edible oil industry body Solvent Extr",edible oil; vegetable oil,banned,,,,,,466
27330654-80b6-4c18-bbde-4e81e1f73dba,Edible Oil Industry Urges Centre Not To Extend Export Ban On De-Oiled Rice Bran | Economy News | Zee News,india.com,2024-05-26,https://zeenews.india.com/economy/edible-oil-industry-urges-centre-not-to-extend-export-ban-on-de-oiled-rice-bran-2752589.html,C:\Users\yuvra\OneDrive\Desktop\RAship\FoodComputing\news_crawler\data\runs\edible_oils_boolean_title_proximity_2026-06-22\mediacloud\cleaned_text\zeenews.india.com\eccbbfe25f406566.txt,title_only,title_oils_enforcement,True,adjacent_or_unclear,manual_review,0.55,"Edible-oil and adulteration/action terms both appear, but product role is not clear.",Edible Oil Industry Urges Centre Not To Extend Export Ban On De-Oiled Rice Bran | Economy News | Zee News New Delhi: Edible oil industry body Solvent,edible oil; vegetable oil,banned,,,,,,512
1931f5f0-e7a9-4fb6-a672-5e16d4dde58f,"Why is Donald Trump considering ban on Chinese cooking oil, and how are trade tensions affecting US farmers?",indiatimes.com,2025-10-15,https://economictimes.indiatimes.com/news/international/us/why-is-donald-trump-considering-ban-on-chinese-cooking-oil-and-how-are-trade-tensions-affecting-us-farmers/articleshow/124574341.cms,C:\Users\yuvra\OneDrive\Desktop\RAship\FoodComputing\news_crawler\data\runs\edible_oils_boolean_title_proximity_2026-06-22\mediacloud\cleaned_text\economictimes.indiatimes.com\9e49ab553d309325.txt,title_only,title_oils_enforcement,True,adjacent_or_unclear,manual_review,0.55,"Edible-oil and adulteration/action terms both appear, but product role is not clear.","Why is Donald Trump considering ban on Chinese cooking oil, and how are trade tensions affecting US farmers? Trump lashes out at China over soybean freeze In a post on Truth Social, Trump criticized",cooking oil,fine,,,,,,580
8f4767ba-c3c6-4397-a1ba-431f8861a56f,FSSAI asks states to conduct inspections for enforcement of ban on blending of mustard oil ,thehindubusinessline.com,2021-06-09,https://www.thehindubusinessline.com/economy/agri-business/fssai-asks-states-to-conduct-inspections-for-enforcement-of-ban-on-blending-of-mustard-oil/article34769123.ece,C:\Users\yuvra\OneDrive\Desktop\RAship\FoodComputing\news_crawler\data\runs\edible_oils_boolean_title_proximity_2026-06-22\mediacloud\cleaned_text\thehindubusinessline.com\071edf6a0f0052d6.txt,title_only,title_oils_enforcement,True,adulterated_product,manual_review,0.74,Edible-oil term appears close to adulteration/enforcement language.,"get their licenses suitably amended. FSSAI has banned blending of mustard oil with other edible oils to ensure purity and safety of these products. Published on June 9, 2021 https://www.the",mustard oil; vegetable oil,food safety; FSSAI; banned; inspection,,,,,,196
94aecc90-cf6d-4f41-a6fb-22158d405d27,Food Safety dept. initiative to check reuse of cooking oil in hotels ,thehindu.com,2022-07-16,https://www.thehindu.com/news/cities/Kochi/food-safety-dept-initiative-to-check-reuse-of-cooking-oil-in-hotels/article65644073.ece,C:\Users\yuvra\OneDrive\Desktop\RAship\FoodComputing\news_crawler\data\runs\edible_oils_boolean_title_proximity_2026-06-22\mediacloud\cleaned_text\thehindu.com\cfdff0404695622f.txt,title_only,title_oils_enforcement,True,adulterated_product,manual_review,0.74,Edible-oil term appears close to adulteration/enforcement language.,Food Safety dept. initiative to check reuse of cooking oil in hotels The Department of Food Safety has plans to convert used cooking oil in hotels a,cooking oil,food safety,,,,,,105
861b5c25-79b3-4d25-bc27-0438bc719418,AGMARK certification not required for imported blended edible oil: FSSAI ,thehindubusinessline.com,2022-08-18,https://www.thehindubusinessline.com/economy/agmark-certification-not-required-for-imported-blended-edible-oil-fssai/article65783272.ece,C:\Users\yuvra\OneDrive\Desktop\RAship\FoodComputing\news_crawler\data\runs\edible_oils_boolean_title_proximity_2026-06-22\mediacloud\cleaned_text\thehindubusinessline.com\c3762160658f5285.txt,title_only,title_oils_enforcement,True,adulterated_product,manual_review,0.74,Edible-oil term appears close to adulteration/enforcement language.,AGMARK certification not required for imported blended edible oil: FSSAI The Food Safety and Standards Authority of India (FSSAI) has decided to do away wi,edible oil; vegetable oil,food safety; FSSAI; inspection,,,,,,323
062b0098-5ad4-47ca-bcd6-98c631592df2,FDA Cracks Down On Loose Sale Of Edible Oil,businessworld.in,2022-10-04,https://www.businessworld.in/article/FDA-Cracks-Down-On-Loose-Sale-Of-Edible-Oil-/04-10-2022-449313,C:\Users\yuvra\OneDrive\Desktop\RAship\FoodComputing\news_crawler\data\runs\edible_oils_boolean_title_proximity_2026-06-22\mediacloud\cleaned_text\businessworld.in\4a9a6bead89165c2.txt,title_only,title_oils_enforcement,True,adulterated_product,manual_review,0.74,Edible-oil term appears close to adulteration/enforcement language.,FDA Cracks Down On Loose Sale Of Edible Oil Former Uttar Pradesh Chief Secretary and author Alok Ranjan argues that India’s developme,edible oil,FDA,,,,,,682
e9e2491e-867c-4197-8d59-9119fd466d87,FSSAI directs officers to not delay clearance of imported pulses and edible oil consignments  ,thehindubusinessline.com,2023-03-10,https://www.thehindubusinessline.com/economy/fssai-directs-officers-to-not-delay-clearance-of-imported-pulses-and-edible-oil-consignments/article66600123.ece,C:\Users\yuvra\OneDrive\Desktop\RAship\FoodComputing\news_crawler\data\runs\edible_oils_boolean_title_proximity_2026-06-22\mediacloud\cleaned_text\thehindubusinessline.com\7d09b0fe443d402d.txt,title_only,title_oils_enforcement,True,adulterated_product,manual_review,0.74,Edible-oil term appears close to adulteration/enforcement language.,FSSAI directs officers to not delay clearance of imported pulses and edible oil consignments The Food Safety and Standards Authority of India (FSSAI) has directed region,edible oil,food safety; FSSAI; inspection,,,,,,300
b6240431-f2e4-4987-9ac7-3377e159fce6,FSSAI initiative shows uptick in used cooking oil collection in Kerala ,newindianexpress.com,2024-09-25,https://www.newindianexpress.com/states/kerala/2024/Sep/25/fssai-initiative-shows-uptick-in-used-cooking-oil-collection-in-kerala,C:\Users\yuvra\OneDrive\Desktop\RAship\FoodComputing\news_crawler\data\runs\edible_oils_boolean_title_proximity_2026-06-22\mediacloud\cleaned_text\newindianexpress.com\94b0f7965f49ee6d.txt,boolean,boolean_core_oils_fraud,True,adulterated_product,manual_review,0.74,Edible-oil term appears close to adulteration/enforcement language.,ick in used cooking oil collection in Kerala THIRUVANANTHAPURAM: The RUCO (Repurpose Used Cooking Oil) initiative launched by the Food Safety and Standards Authority of India (FSSAI) has been,cooking oil,food safety; FSSAI; Food Safety Officer,,,,,,415
5bfa1638-bb22-4f60-b1c9-eababaac06b8,Karnataka Food Safety and Drug Administration shifts focus to trans fat reduction in cooking oil,thehindu.com,2025-07-31,https://www.thehindu.com/news/cities/bangalore/karnataka-food-safety-and-drug-administration-shifts-focus-to-trans-fat-reduction-in-cooking-oil/article69879479.ece,C:\Users\yuvra\OneDrive\Desktop\RAship\FoodComputing\news_crawler\data\runs\edible_oils_boolean_title_proximity_2026-06-22\mediacloud\cleaned_text\thehindu.com\9b64eb0107d89b11.txt,title_only,title_oils_enforcement,True,adulterated_product,manual_review,0.74,Edible-oil term appears close to adulteration/enforcement language.,"Karnataka Food Safety and Drug Administration shifts focus to trans fat reduction in cooking oil After a crackdown on food additives, the State Food Safety and Drug Administration has no",cooking oil,food safety; FSSAI; crackdown,,,,,,293
f4e65e86-9922-49ff-ae14-2f159265f4a1,FSSAI’s drive to convert used cooking oil as biofuel gets good response in several districts in T.N.  ,thehindu.com,2025-10-11,https://www.thehindu.com/news/national/tamil-nadu/fssais-drive-to-convert-used-cooking-oil-as-biofuel-gets-good-response-in-several-districts-in-tn/article70152299.ece,C:\Users\yuvra\OneDrive\Desktop\RAship\FoodComputing\news_crawler\data\runs\edible_oils_boolean_title_proximity_2026-06-22\mediacloud\cleaned_text\thehindu.com\d479c805f5fb7a78.txt,proximity,proximity_oil_food_safety,True,adulterated_product,manual_review,0.74,Edible-oil term appears close to adulteration/enforcement language.,cooking oil as biofuel gets good response in several districts in T.N. The Repurpose Used Cooking Oil (RUCO) initiative launched by the Food Safety and Standards Authority of India (FSSAI) to,cooking oil,food safety; FSSAI,,,,,,413
54b38d06-28d2-4546-98c6-5e5eb9cfae08,NHRC Seeks FSSAI Report on Reused Cooking Oil Health Risks,newkerala.com,2025-10-24,https://www.newkerala.com/news/o/nhrc-seeks-report-fssai-alleged-reuse-cooking-oil-956,C:\Users\yuvra\OneDrive\Desktop\RAship\FoodComputing\news_crawler\data\runs\edible_oils_boolean_title_proximity_2026-06-22\mediacloud\cleaned_text\newkerala.com\8bdf3dfe2cb2e70d.txt,boolean,boolean_core_oils_fraud,True,adulterated_product,manual_review,0.74,Edible-oil term appears close to adulteration/enforcement language.,"NHRC Seeks FSSAI Report on Reused Cooking Oil Health Risks NHRC seeks report from FSSAI over alleged reuse of cooking oil New Delhi, Oc",cooking oil,food safety; FSSAI,,,,,,348
5cd17d82-9960-42ca-b0d9-bb856310e60c,NHRC Seeks FSSAI Report on Reused Cooking Oil Health Risks,newkerala.com,2025-10-25,https://www.newkerala.com/news/o/nhrc-seeks-report-fssai-widespread-reuse-cooking-oil-india-847,C:\Users\yuvra\OneDrive\Desktop\RAship\FoodComputing\news_crawler\data\runs\edible_oils_boolean_title_proximity_2026-06-22\mediacloud\cleaned_text\newkerala.com\2b036b99e610f6fd.txt,boolean,boolean_core_oils_fraud,True,adulterated_product,manual_review,0.74,Edible-oil term appears close to adulteration/enforcement language.,"despite the Food Safety and Standards Authority of India's (FSSAI) ""RUCO - Repurpose Used Cooking Oil"" campaign and policies promoting biodiesel at small hotels, roadside eateries, and food v",cooking oil,food safety; FSSAI,,,,,,280
3eac1594-3a8d-4107-a3d2-8a303dc115ee,Sri Lanka bans palm oil imports with immediate effect; asks plantations to uproot trees,newindianexpress.com,2021-04-06,https://www.newindianexpress.com/world/2021/apr/06/sri-lanka-bans-palm-oil-imports-with-immediate-effect-asks-plantations-to-uproot-trees-2286572.html,C:\Users\yuvra\OneDrive\Desktop\RAship\FoodComputing\news_crawler\data\runs\edible_oils_boolean_title_proximity_2026-06-22\mediacloud\cleaned_text\newindianexpress.com\b8860af074e30b4f.txt,title_only,title_oils_enforcement,True,adulterated_product,manual_review,0.74,Edible-oil term appears close to adulteration/enforcement language.,to uproot trees COLOMBO: Sri Lankan President Gotabaya Rajapaksa has banned the import of palm oil with immediate effect and ordered local plantation companies to uproot 10 per cent of the,palm oil; coconut oil,banned,,,,,,551
c7dd7e9f-01b8-4484-9e9e-c1149850ed73,Tough times ahead for Indian edible oil consumers as Indonesia bans export of edible oils,thehindubusinessline.com,2022-04-22,https://www.thehindubusinessline.com/economy/agri-business/tough-times-ahead-for-indian-edible-oil-consumers-as-indonesia-bans-export-of-edible-oils/article65345290.ece,C:\Users\yuvra\OneDrive\Desktop\RAship\FoodComputing\news_crawler\data\runs\edible_oils_boolean_title_proximity_2026-06-22\mediacloud\cleaned_text\thehindubusinessline.com\e5fe2a0ef4502f71.txt,title_only,title_oils_enforcement,True,adulterated_product,manual_review,0.74,Edible-oil term appears close to adulteration/enforcement language.,"times ahead, as Indonesia, India’s main source of palm oil imports, banned exports of all edible oil raw materials on Friday to ease domestic shortage. Indonesian President Joko Widodo annou",edible oil; cooking oil; palm oil; sunflower oil; vegetable oil,banned,,,,,,442
191f8015-af4c-4066-af9d-3b740d01467d,Podcast | Why Indonesia’s move to ban edible oil export is bad news for India,thehindubusinessline.com,2022-04-23,https://www.thehindubusinessline.com/multimedia/audio/podcast-why-indonesias-move-to-ban-edible-oil-export-is-bad-news-for-india/article65347606.ece,C:\Users\yuvra\OneDrive\Desktop\RAship\FoodComputing\news_crawler\data\runs\edible_oils_boolean_title_proximity_2026-06-22\mediacloud\cleaned_text\thehindubusinessline.com\f59fba026827c087.txt,title_only,title_oils_enforcement,True,adulterated_product,manual_review,0.74,Edible-oil term appears close to adulteration/enforcement language.,"Podcast | Why Indonesia’s move to ban edible oil export is bad news for India Indonesia, India’s main source of palm oil imports, banned e",edible oil; cooking oil; palm oil; vegetable oil,banned,,,,,,94
fe0b3c73-4c0c-4644-a8fc-89ac8d6e0974,"Indonesia export ban will not include crude palm oil, says sources",thehindubusinessline.com,2022-04-25,https://www.thehindubusinessline.com/economy/agri-business/indonesia-export-ban-will-not-include-crude-palm-oil-says-sources/article65353700.ece,C:\Users\yuvra\OneDrive\Desktop\RAship\FoodComputing\news_crawler\data\runs\edible_oils_boolean_title_proximity_2026-06-22\mediacloud\cleaned_text\thehindubusinessline.com\10429befdca361c5.txt,title_only,title_oils_enforcement,True,adulterated_product,manual_review,0.74,Edible-oil term appears close to adulteration/enforcement language.,Selangor-based brokerage Pelindung Bestari. He said there were still concerns that crude palm oil would also be added to the list of banned products as it is raw material for RBD palmolei,edible oil; cooking oil; palm oil,banned,,,,,,471
09aeaa6d-d994-4bf6-b60e-116aabed8604,What forced Indonesia’s flip-flop on crude palm oil export ban,thehindubusinessline.com,2022-04-28,https://www.thehindubusinessline.com/economy/agri-business/what-forced-indonesias-flip-flop-on-crude-palm-oil-export-ban/article65362703.ece,C:\Users\yuvra\OneDrive\Desktop\RAship\FoodComputing\news_crawler\data\runs\edible_oils_boolean_title_proximity_2026-06-22\mediacloud\cleaned_text\thehindubusinessline.com\c714550f90e41b9c.txt,title_only,title_oils_enforcement,True,adulterated_product,manual_review,0.74,Edible-oil term appears close to adulteration/enforcement language.,n 48 hours of Jakarta telling the global commodity that CPO will not be banned. The crude palm oil market has been swinging wildly ever since Indonesia President Joko Widodo announced his,mustard oil; palm oil; groundnut oil; sunflower oil,banned,,,,,,738
7628e972-517c-4787-b895-b9fa877064d2,DGFT extends ban on palm oil imports through Kerala ports,thehindubusinessline.com,2023-01-03,https://www.thehindubusinessline.com/markets/commodities/dgft-extends-ban-on-palm-oil-imports-through-kerala-ports/article66332719.ece,C:\Users\yuvra\OneDrive\Desktop\RAship\FoodComputing\news_crawler\data\runs\edible_oils_boolean_title_proximity_2026-06-22\mediacloud\cleaned_text\thehindubusinessline.com\efe5b9265bf8bd3a.txt,title_only,title_oils_enforcement,True,adjacent_or_unclear,manual_review,0.55,"Edible-oil and adulteration/action terms both appear, but product role is not clear.",DGFT extends ban on palm oil imports through Kerala ports The Director-General of Foreign Trade (DGFT) has extended the ban on palm oil imports through Kerala ports unt,palm oil; coconut oil,banned,,,,,,276
429added-526d-4b1f-9911-977e56e3b350,Trade bodies oppose extension of palm oil import ban through Kerala ports,thehindubusinessline.com,2023-01-04,https://www.thehindubusinessline.com/economy/agri-business/trade-bodies-oppose-extending-palm-oil-import-ban-in-kerala-ports/article66337873.ece,C:\Users\yuvra\OneDrive\Desktop\RAship\FoodComputing\news_crawler\data\runs\edible_oils_boolean_title_proximity_2026-06-22\mediacloud\cleaned_text\thehindubusinessline.com\c50cec091af75bec.txt,title_only,title_oils_enforcement,True,adulterated_product,manual_review,0.74,Edible-oil term appears close to adulteration/enforcement language.,"Parliament. ‘No tangible benefits’ Prakash Iyer, Chairman, Cochin Port Users’ Forum, said palm oil import through Cochin Port was banned in 2007 to arrest the falling price of coconut oil.",palm oil; coconut oil,banned,,,,,,331
2eebf6f0-9646-4ff5-b49c-25efc447949e,Edible oil industry urges Centre not to extend export ban on de-oiled rice bran,thehindubusinessline.com,2024-05-26,https://www.thehindubusinessline.com/economy/agri-business/edible-oil-industry-urges-centre-not-to-extend-export-ban-on-de-oiled-rice-bran/article68217583.ece,C:\Users\yuvra\OneDrive\Desktop\RAship\FoodComputing\news_crawler\data\runs\edible_oils_boolean_title_proximity_2026-06-22\mediacloud\cleaned_text\thehindubusinessline.com\b0284751b2015140.txt,title_only,title_oils_enforcement,True,adjacent_or_unclear,manual_review,0.55,"Edible-oil and adulteration/action terms both appear, but product role is not clear.",Edible oil industry urges Centre not to extend export ban on de-oiled rice bran Edible oil industry body Solvent Extractors Association of India (SEA),edible oil; vegetable oil,banned,,,,,,463
dccf6f20-73b4-4fba-a136-a38ca50d3960,Exporters body urges Centre to lift palm oil import ban via Kerala ports,thehindubusinessline.com,2024-07-15,https://www.thehindubusinessline.com/economy/agri-business/exporters-body-urges-centre-to-lift-palm-oil-import-ban-via-kerala-ports/article68405694.ece,C:\Users\yuvra\OneDrive\Desktop\RAship\FoodComputing\news_crawler\data\runs\edible_oils_boolean_title_proximity_2026-06-22\mediacloud\cleaned_text\thehindubusinessline.com\07b5f45e68be1a5f.txt,title_only,title_oils_enforcement,True,adulterated_product,manual_review,0.74,Edible-oil term appears close to adulteration/enforcement language.,tes with coconut production higher than Kerala) governments have not banned the import of palm oil. The report also requested the government to set up an expert committee to study the magn,palm oil; coconut oil,banned,,,,,,345
d5e329e2-05b8-4e50-8b53-0abb3e2d1d40,Collection of reused cooking oil from eateries goes up three-fold in Madurai  ,newindianexpress.com,2024-08-03,https://www.newindianexpress.com/states/tamil-nadu/2024/Aug/03/collection-of-reused-cooking-oil-from-eateries-goes-up-three-fold-in-madurai,C:\Users\yuvra\OneDrive\Desktop\RAship\FoodComputing\news_crawler\data\runs\edible_oils_boolean_title_proximity_2026-06-22\mediacloud\cleaned_text\newindianexpress.com\18ac92386a80b587.txt,boolean,boolean_core_oils_fraud,True,adulterated_product,manual_review,0.74,Edible-oil term appears close to adulteration/enforcement language.,"oes up three-fold in Madurai MADURAI: Health experts have warned against using repurposed cooking oil at hotels in Madurai, and the food safety department has been diligently collecting reuse",cooking oil,food safety; FSSAI; Food Safety Department,,,,,,332
e401903f-43b1-4b49-a085-e03de6014a4a,What actually happens when cooking oil is reused and why it matters - The Times of India,indiatimes.com,2025-10-24,https://timesofindia.indiatimes.com/life-style/food-news/what-actually-happens-when-cooking-oil-is-reused-and-why-it-matters/articleshow/124779839.cms,C:\Users\yuvra\OneDrive\Desktop\RAship\FoodComputing\news_crawler\data\runs\edible_oils_boolean_title_proximity_2026-06-22\mediacloud\cleaned_text\timesofindia.indiatimes.com\9b8007be8a60574b.txt,boolean,boolean_named_oils_fraud,True,adjacent_or_unclear,manual_review,0.55,"Edible-oil and adulteration/action terms both appear, but product role is not clear.","What actually happens when cooking oil is reused and why it matters - The Times of India When oil is heated again and again, it doesn’t just “get a little darker.” What’s really",cooking oil; soybean oil; groundnut oil,FSSAI; FDA; fine,,,,,,1063
