model_name,representation,accuracy,precision,recall,f1,roc_auc,pr_auc,tp,fp,fn,tn
"ens_wavg[tfidf_logreg/full+e5-large_lr/oilemb+roberta-base_lead_512/full|0.31,0.37,0.31]",ensemble:tfidf+emb+transf,0.8645,0.7529,0.8421,0.795,0.9248,0.8498,128,42,24,293
"ens_wavg[e5-large_lr/oilemb+roberta-base_lead_512/full|0.60,0.40]",ensemble:emb+transf,0.8645,0.7654,0.8158,0.7898,0.9212,0.8249,124,38,28,297
"ens_wavg[e5-large_lr/oilemb+e5-large_rbfsvm/cmean|0.36,0.64]",ensemble:oilwin+fullart,0.8686,0.7895,0.7895,0.7895,0.9228,0.8446,120,32,32,303
ens_avg[e5-large_lr/oilemb+roberta-base_lead_512/full],ensemble:emb+transf,0.8604,0.7561,0.8158,0.7848,0.9222,0.8287,124,40,28,295
ens_avg[tfidf_logreg/full+e5-large_lr/oilemb+roberta-base_lead_512/full],ensemble:tfidf+emb+transf,0.8542,0.7341,0.8355,0.7815,0.925,0.8511,127,46,25,289
ens_avg[e5-large_lr/oilemb+e5-large_rbfsvm/cmean],ensemble:oilwin+fullart,0.8604,0.7692,0.7895,0.7792,0.9226,0.8448,120,36,32,299
emb_e5-large_lr,oil_window_embedding,0.8604,0.7692,0.7895,0.7792,0.9065,0.8108,120,36,32,299
"ens_wavg[tfidf_logreg/full+e5-large_lr/oilemb|0.33,0.67]",ensemble:tfidf+emb,0.8542,0.7613,0.7763,0.7687,0.9121,0.8316,118,37,34,298
emb_minilm_rbfsvm,oil_window_embedding,0.8419,0.7143,0.8224,0.7645,0.9116,0.8107,125,50,27,285
emb_e5-large_rbfsvm,full_chunk_mean,0.8439,0.7235,0.8092,0.764,0.9128,0.8349,123,47,29,288
emb_mpnet_rbfsvm,oil_window_embedding,0.8419,0.7168,0.8158,0.7631,0.9241,0.8492,124,49,28,286
ens_avg[tfidf_logreg/full+e5-large_lr/oilemb],ensemble:tfidf+emb,0.848,0.7468,0.7763,0.7613,0.9125,0.8315,118,40,34,295
emb_bge-large_rbfsvm,oil_window_embedding,0.8439,0.7289,0.7961,0.761,0.9201,0.8447,121,45,31,290
emb_bge-large_rbfsvm,full_chunk_mean,0.846,0.7452,0.7697,0.7573,0.9191,0.8469,117,40,35,295
emb_mpnet_rbfsvm,full_chunk_mean,0.8419,0.7273,0.7895,0.7571,0.9152,0.8328,120,45,32,290
emb_e5-large_rbfsvm,full_chunk_max,0.8378,0.7135,0.8026,0.7554,0.909,0.825,122,49,30,286
emb_e5-large_rbfsvm,oil_window_embedding,0.8378,0.7135,0.8026,0.7554,0.9244,0.8542,122,49,30,286
emb_mpnet_rbfsvm,full_chunk_max,0.8337,0.7052,0.8026,0.7508,0.9112,0.8245,122,51,30,284
emb_mpnet_lr,oil_window_embedding,0.8337,0.7076,0.7961,0.7492,0.8861,0.7702,121,50,31,285
"ens_wavg[tfidf_logreg/full+roberta-base_lead_512/full|0.80,0.20]",ensemble:tfidf+transf,0.8193,0.6616,0.8618,0.7486,0.896,0.7935,131,67,21,268
emb_minilm_rbfsvm,full_chunk_max,0.8296,0.6994,0.7961,0.7446,0.904,0.7946,121,52,31,283
emb_minilm_rbfsvm,full_chunk_mean,0.8275,0.6954,0.7961,0.7423,0.9091,0.8083,121,53,31,282
emb_bge-large_rbfsvm,full_chunk_max,0.8378,0.7417,0.7368,0.7393,0.9133,0.8306,112,39,40,296
emb_bge-large_lr,full_chunk_max,0.8316,0.7273,0.7368,0.732,0.8906,0.7837,112,42,40,293
emb_bge-large_lr,oil_window_embedding,0.8296,0.7197,0.7434,0.7314,0.8914,0.7833,113,44,39,291
"ens_wavg[tfidf_logreg/full+longformer_full/full|0.75,0.25]",ensemble:tfidf+longformer,0.8193,0.686,0.7763,0.7284,0.8837,0.783,118,54,34,281
emb_mpnet_lr,full_chunk_max,0.8193,0.6928,0.7566,0.7233,0.8787,0.7682,115,51,37,284
emb_bge-large_lr,full_chunk_mean,0.8152,0.6802,0.7697,0.7222,0.882,0.7721,117,55,35,280
emb_e5-large_lr,full_chunk_max,0.8131,0.6894,0.7303,0.7093,0.8841,0.782,111,50,41,285
ens_avg[tfidf_logreg/full+roberta-base_lead_512/full],ensemble:tfidf+transf,0.7782,0.6019,0.8553,0.7065,0.8979,0.7939,130,86,22,249
hf_roberta-base_lead_512,title_plus_body_full,0.7741,0.5963,0.8553,0.7027,0.8789,0.7544,130,88,22,247
tfidf_logreg,title_plus_body_full,0.7864,0.6224,0.8026,0.7011,0.8655,0.7446,122,74,30,261
ens_avg[tfidf_logreg/full+longformer_full/full],ensemble:tfidf+longformer,0.8049,0.6748,0.7237,0.6984,0.8754,0.7728,110,53,42,282
hf_roberta-base_chunk_pool_full,title_plus_body_full,0.7823,0.6173,0.7961,0.6954,0.8819,0.748,121,75,31,260
hf_deberta-v3-small_oil_window_512,title_plus_oil_windows,0.7906,0.6374,0.7632,0.6946,0.8953,0.8108,116,66,36,269
emb_minilm_lr,oil_window_embedding,0.7988,0.6646,0.7171,0.6899,0.8599,0.6942,109,55,43,280
hf_distilbert-base-uncased_lead_512,title_plus_body_full,0.7659,0.5888,0.8289,0.6885,0.8489,0.6875,126,88,26,247
emb_e5-large_lr,full_chunk_mean,0.7947,0.6548,0.7237,0.6875,0.8765,0.7419,110,58,42,277
emb_mpnet_lr,full_chunk_mean,0.7926,0.6509,0.7237,0.6854,0.8694,0.729,110,59,42,276
tfidf_logreg,title_plus_oil_windows,0.7741,0.6082,0.7763,0.6821,0.8641,0.7458,118,76,34,259
emb_minilm_lr,full_chunk_max,0.7967,0.6667,0.6974,0.6817,0.8431,0.6572,106,53,46,282
tfidf_linsvm,title_plus_keyword_windows,0.8029,0.7,0.6447,0.6712,0.8633,0.7416,98,42,54,293
hf_distilbert-base-uncased_chunk_pool_full,title_plus_body_full,0.7741,0.6154,0.7368,0.6707,0.8399,0.6916,112,70,40,265
tfidf_logreg,title_plus_keyword_windows,0.7618,0.59,0.7763,0.6705,0.8613,0.7422,118,82,34,253
tfidf_linsvm,title_plus_oil_windows,0.7967,0.6828,0.6513,0.6667,0.866,0.7444,99,46,53,289
tfidf_linsvm,title_plus_body_full,0.7988,0.6985,0.625,0.6597,0.8649,0.7408,95,41,57,294
hf_deberta-v3-small_lead_512,title_plus_body_full,0.7166,0.5278,0.875,0.6584,0.845,0.7103,133,119,19,216
hf_roberta-base_oil_window_512,title_plus_oil_windows,0.7823,0.6474,0.6645,0.6558,0.8658,0.7465,101,55,51,280
emb_minilm_lr,full_chunk_mean,0.7741,0.6296,0.6711,0.6497,0.8343,0.6383,102,60,50,275
hf_longformer_full,title_plus_body_full,0.7741,0.6364,0.6447,0.6405,0.8527,0.7346,98,56,54,279
hf_distilbert-base-uncased_oil_window_512,title_plus_oil_windows,0.7741,0.64,0.6316,0.6358,0.8443,0.693,96,54,56,281
hf_deberta-v3-small_chunk_pool_full,title_plus_body_full,0.7515,0.5886,0.6776,0.63,0.8451,0.6992,103,72,49,263
emb_e5-large_linsvm,oil_window_embedding,0.7762,0.8308,0.3553,0.4977,0.8803,0.7794,54,11,98,324
emb_e5-large_linsvm,full_chunk_mean,0.768,0.8305,0.3224,0.4645,0.8354,0.7048,49,10,103,325
emb_bge-large_linsvm,full_chunk_max,0.768,0.8679,0.3026,0.4488,0.871,0.7607,46,7,106,328
emb_bge-large_linsvm,oil_window_embedding,0.7618,0.875,0.2763,0.42,0.8662,0.7269,42,6,110,329
emb_bge-large_linsvm,full_chunk_mean,0.7598,0.8571,0.2763,0.4179,0.8647,0.748,42,7,110,328
emb_e5-large_linsvm,full_chunk_max,0.7598,0.8723,0.2697,0.4121,0.8388,0.7331,41,6,111,329
emb_minilm_linsvm,oil_window_embedding,0.7474,0.7959,0.2566,0.3881,0.8522,0.6833,39,10,113,325
emb_mpnet_linsvm,oil_window_embedding,0.7474,0.8085,0.25,0.3819,0.865,0.7195,38,9,114,326
emb_mpnet_linsvm,full_chunk_mean,0.7474,0.8085,0.25,0.3819,0.8411,0.7071,38,9,114,326
emb_mpnet_linsvm,full_chunk_max,0.7454,0.8043,0.2434,0.3737,0.8545,0.734,37,9,115,326
emb_minilm_linsvm,full_chunk_mean,0.7064,0.6154,0.1579,0.2513,0.8118,0.6058,24,15,128,320
emb_minilm_linsvm,full_chunk_max,0.7105,0.6667,0.1447,0.2378,0.8175,0.633,22,11,130,324
