adulterant_or_substitute,food,distinct_articles,share_of_candidate_food_links_pct,candidate_total_food_link_articles
palm oil family,Ghee,100,56.82,176
palm oil family,Paneer,14,7.95,176
palm oil family,Milk,12,6.82,176
palm oil family,Sunflower oil,10,5.68,176
palm oil family,Tirupati laddu,5,2.84,176
palm oil family,Mustard oil,4,2.27,176
palm oil family,Soybean oil,4,2.27,176
palm oil family,Khoya/mawa,4,2.27,176
palm oil family,Coconut oil,4,2.27,176
palm oil family,laddu,2,1.14,176
palm oil family,Groundnut oil,2,1.14,176
palm oil family,olive oil,2,1.14,176
palm oil family,dairy fat,1,0.57,176
palm oil family,laddus,1,0.57,176
palm oil family,tirupati laddus,1,0.57,176
palm oil family,tirumala srivari laddu,1,0.57,176
palm oil family,srivari laddu,1,0.57,176
palm oil family,cream,1,0.57,176
palm oil family,vanaspati,1,0.57,176
palm oil family,Palm oil,1,0.57,176
palm oil family,channa bhujia,1,0.57,176
palm oil family,sun flower oil,1,0.57,176
palm oil family,soyoil,1,0.57,176
palm oil family,Cheese,1,0.57,176
palm oil family,Edible/cooking oil,1,0.57,176
animal fat,Ghee,102,72.34,141
animal fat,Tirupati laddu,15,10.64,141
animal fat,tirupati laddus,8,5.67,141
animal fat,laddus,3,2.13,141
animal fat,laddu,2,1.42,141
animal fat,laddu prasadam,2,1.42,141
animal fat,Milk,2,1.42,141
animal fat,Palm oil,2,1.42,141
animal fat,tirumala srivari laddu prasadam,1,0.71,141
animal fat,oil,1,0.71,141
animal fat,tirupati prasadam,1,0.71,141
animal fat,Edible/cooking oil,1,0.71,141
animal fat,cooking oils,1,0.71,141
vegetable oil/fat,Ghee,73,69.52,105
vegetable oil/fat,Milk,10,9.52,105
vegetable oil/fat,Paneer,9,8.57,105
vegetable oil/fat,Cheese,5,4.76,105
vegetable oil/fat,Tirupati laddu,2,1.9,105
vegetable oil/fat,Khoya/mawa,2,1.9,105
vegetable oil/fat,animal fat,1,0.95,105
vegetable oil/fat,wall s frozen products,1,0.95,105
vegetable oil/fat,soft drinks,1,0.95,105
vegetable oil/fat,Butter,1,0.95,105
starch,Milk,28,32.94,85
starch,Paneer,20,23.53,85
starch,Khoya/mawa,15,17.65,85
starch,Ghee,11,12.94,85
starch,khowa,2,2.35,85
starch,Butter,2,2.35,85
starch,mithai,2,2.35,85
starch,chhena,1,1.18,85
starch,chenna,1,1.18,85
starch,Curd/yoghurt,1,1.18,85
starch,adulterated turmeric,1,1.18,85
starch,ground spices,1,1.18,85
unspecified adulterant,Ghee,35,51.47,68
unspecified adulterant,Milk,12,17.65,68
unspecified adulterant,Paneer,7,10.29,68
unspecified adulterant,Coconut oil,3,4.41,68
unspecified adulterant,Edible/cooking oil,3,4.41,68
unspecified adulterant,Khoya/mawa,2,2.94,68
unspecified adulterant,tirumala srivari laddu,1,1.47,68
unspecified adulterant,dairy products,1,1.47,68
unspecified adulterant,osmania biscuits,1,1.47,68
unspecified adulterant,rasgulla,1,1.47,68
unspecified adulterant,Mustard oil,1,1.47,68
unspecified adulterant,adulterated oils,1,1.47,68
detergent,Milk,35,62.5,56
unknown adulterant,Milk,33,58.93,56
unknown adulterant,Ghee,13,23.21,56
detergent,Paneer,9,16.07,56
detergent,Khoya/mawa,4,7.14,56
unknown adulterant,Paneer,4,7.14,56
detergent,ice cream,4,7.14,56
unknown adulterant,Khoya/mawa,3,5.36,56
unknown adulterant,Butter,1,1.79,56
unknown adulterant,tea powder,1,1.79,56
detergent,Ghee,1,1.79,56
detergent,mithai,1,1.79,56
detergent,Curd/yoghurt,1,1.79,56
detergent,sweets,1,1.79,56
unknown adulterant,refined oil,1,1.79,56
urea,Milk,42,80.77,52
chemicals,Ghee,33,63.46,52
urea,Paneer,6,11.54,52
chemicals,Paneer,3,5.77,52
urea,Ghee,3,5.77,52
chemicals,Milk,3,5.77,52
chemicals,Tirupati laddu,2,3.85,52
chemicals,ginger garlic paste,1,1.92,52
chemicals,dairy products,1,1.92,52
chemicals,ice candies,1,1.92,52
chemicals,lassi,1,1.92,52
chemicals,tirupati laddus,1,1.92,52
chemicals,unsafe pickle,1,1.92,52
chemicals,adulterated toddy,1,1.92,52
urea,Khoya/mawa,1,1.92,52
chemicals,turmeric,1,1.92,52
chemicals,Coconut oil,1,1.92,52
chemicals,Mustard oil,1,1.92,52
chemicals,adulterated mangoes,1,1.92,52
adulterated ghee,Ghee,16,34.78,46
adulterated ghee,Tirupati laddu,9,19.57,46
adulterated ghee,laddu prasadam,4,8.7,46
adulterated ghee,laddu,3,6.52,46
adulterated ghee,tirupati laddus,2,4.35,46
adulterated ghee,srivari laddu prasadam,2,4.35,46
adulterated ghee,fake nandini pouches,1,2.17,46
adulterated ghee,prasad,1,2.17,46
adulterated ghee,tirumala srivari laddu prasadam,1,2.17,46
adulterated ghee,tirumala laddus,1,2.17,46
adulterated ghee,halwa,1,2.17,46
adulterated ghee,tirupati laddoo,1,2.17,46
adulterated ghee,sweets,1,2.17,46
adulterated ghee,ar dairy,1,2.17,46
adulterated ghee,tirumala srivari laddu,1,2.17,46
adulterated ghee,laddus,1,2.17,46
ethylene glycol,Milk,34,80.95,42
ethylene glycol,cough syrup,2,4.76,42
ethylene glycol,Curd/yoghurt,1,2.38,42
ethylene glycol,syrup,1,2.38,42
ethylene glycol,propylene glycol,1,2.38,42
ethylene glycol,pharmaceutical grade propylene glycol,1,2.38,42
ethylene glycol,medicinal syrups,1,2.38,42
ethylene glycol,dok 1 max syrup,1,2.38,42
water,Milk,26,66.67,39
water,Paneer,6,15.38,39
water,Ghee,3,7.69,39
water,honey,1,2.56,39
water,cool drinks,1,2.56,39
water,pakoras,1,2.56,39
water,golgappas,1,2.56,39
vanaspati,Ghee,32,86.49,37
vanaspati,Milk,2,5.41,37
vanaspati,special barfi,1,2.7,37
vanaspati,Khoya/mawa,1,2.7,37
vanaspati,biryani,1,2.7,37
beef tallow,Ghee,24,75.0,32
pesticide residue,vegetables,6,18.75,32
pesticide residue,fruits,6,18.75,32
pesticide residue,Milk,4,12.5,32
beef tallow,Tirupati laddu,3,9.38,32
pesticide residue,tea,3,9.38,32
beef tallow,vanaspati,2,6.25,32
pesticide residue,protein powder,2,6.25,32
pesticide residue,fresh vegetables,2,6.25,32
pesticide residue,fruits and vegetables,2,6.25,32
pesticide residue,edible oils,2,6.25,32
pesticide residue,chinese garlic,1,3.12,32
beef tallow,tirupati laddus,1,3.12,32
beef tallow,tirupati prasadam,1,3.12,32
beef tallow,Palm oil,1,3.12,32
pesticide residue,wheat flour,1,3.12,32
pesticide residue,rice,1,3.12,32
pesticide residue,Edible/cooking oil,1,3.12,32
pesticide residue,citrus fruits,1,3.12,32
lard/pig fat,Ghee,27,93.1,29
lard/pig fat,Tirupati laddu,1,3.45,29
lard/pig fat,tirupati laddus,1,3.45,29
refined oil,Ghee,9,34.62,26
refined oil,Milk,9,34.62,26
refined oil,Paneer,5,19.23,26
refined oil,Khoya/mawa,3,11.54,26
ethylene oxide,everest fish curry masala,3,12.5,24
ethylene oxide,spice mixes,2,8.33,24
ethylene oxide,madras curry powder,2,8.33,24
ethylene oxide,sambhar masala,2,8.33,24
ethylene oxide,curry powder masala,2,8.33,24
ethylene oxide,everest spice mix,2,8.33,24
ethylene oxide,guar gum,2,8.33,24
ethylene oxide,curry powder,2,8.33,24
ethylene oxide,spice products,1,4.17,24
ethylene oxide,spice blends,1,4.17,24
ethylene oxide,peppercorns,1,4.17,24
ethylene oxide,fish curry masala,1,4.17,24
ethylene oxide,spice mix,1,4.17,24
ethylene oxide,everest masala,1,4.17,24
ethylene oxide,mdh,1,4.17,24
acetic acid ester,Ghee,19,86.36,22
fish oil,Ghee,19,86.36,22
fish oil,Tirupati laddu,2,9.09,22
fish oil,tirupati laddus,1,4.55,22
acetic acid ester,Coconut oil,1,4.55,22
acetic acid ester,Palm oil,1,4.55,22
acetic acid ester,palm kernel oil,1,4.55,22
adulterant,Ghee,7,36.84,19
adulterant,Milk,3,15.79,19
adulterant,Tirupati laddu,2,10.53,19
adulterant,ginger garlic paste,1,5.26,19
adulterant,Paneer,1,5.26,19
adulterant,spices,1,5.26,19
adulterant,processed food,1,5.26,19
adulterant,Khoya/mawa,1,5.26,19
adulterant,Cheese,1,5.26,19
adulterant,Mustard oil,1,5.26,19
salmonella,Milk,2,11.11,18
salmonella,eggs,2,11.11,18
salmonella,mdh sambhar masala,2,11.11,18
salmonella,everest garam masala,2,11.11,18
salmonella,sambhar masala,2,11.11,18
salmonella,maggi masala ae magic,2,11.11,18
salmonella,watermelon,1,5.56,18
salmonella,dairy products,1,5.56,18
salmonella,poultry,1,5.56,18
salmonella,raw sprouts,1,5.56,18
salmonella,leafy greens,1,5.56,18
salmonella,pre cut fruits,1,5.56,18
soybean oil,Ghee,8,47.06,17
milk powder,Khoya/mawa,7,41.18,17
milk powder,Milk,3,17.65,17
milk powder,Paneer,3,17.65,17
soybean oil,Milk,2,11.76,17
milk powder,Curd/yoghurt,2,11.76,17
soybean oil,Mustard oil,2,11.76,17
milk powder,Ghee,1,5.88,17
milk powder,special barfi,1,5.88,17
soybean oil,Edible/cooking oil,1,5.88,17
soybean oil,avocado oil,1,5.88,17
soybean oil,Sunflower oil,1,5.88,17
soybean oil,olive oil,1,5.88,17
soybean oil,Palm oil,1,5.88,17
beta carotene,Ghee,15,93.75,16
beta carotene,olive oil,1,6.25,16
e coli,Milk,2,13.33,15
e coli,watermelon,1,6.67,15
e coli,hamburgers,1,6.67,15
e coli,cider,1,6.67,15
e coli,juice,1,6.67,15
e coli,Cheese,1,6.67,15
e coli,ice cream,1,6.67,15
e coli,eggs,1,6.67,15
e coli,undercooked beef,1,6.67,15
e coli,raw sprouts,1,6.67,15
e coli,leafy greens,1,6.67,15
e coli,pre cut fruits,1,6.67,15
e coli,Paneer,1,6.67,15
e coli,onions,1,6.67,15
edible oil,Milk,12,85.71,14
formalin/formaldehyde,Milk,6,42.86,14
ghee,Tirupati laddu,5,35.71,14
formalin/formaldehyde,fish,5,35.71,14
ghee,srivari laddu prasadam,2,14.29,14
edible oil,Paneer,2,14.29,14
formalin/formaldehyde,Paneer,1,7.14,14
ghee,laddu prasadam,1,7.14,14
ghee,srivari laddu,1,7.14,14
ghee,laddu,1,7.14,14
ghee,ttd laddu,1,7.14,14
ghee,beta sitosterol,1,7.14,14
formalin/formaldehyde,kalakand,1,7.14,14
ghee,Khoya/mawa,1,7.14,14
ghee,tirumala srivari laddu,1,7.14,14
formalin/formaldehyde,Khoya/mawa,1,7.14,14
poison,Milk,11,84.62,13
artificial colours,Mustard oil,2,15.38,13
artificial colours,fruit juices,2,15.38,13
lead,protein powder,2,15.38,13
artificial colours,spices,2,15.38,13
artificial colours,ginger garlic paste,1,7.69,13
lead,baby food,1,7.69,13
lead,mashed sweet potatoes,1,7.69,13
lead,dark chocolate,1,7.69,13
lead,organic dark chocolate,1,7.69,13
poison,cold drink,1,7.69,13
lead,vegetables,1,7.69,13
lead,Milk,1,7.69,13
lead,protein supplements,1,7.69,13
lead,maggi noodles,1,7.69,13
artificial colours,edible oils,1,7.69,13
artificial colours,adulterated chilli powder,1,7.69,13
artificial colours,dry fruits,1,7.69,13
lead,drinking water,1,7.69,13
lead,food grains,1,7.69,13
poison,Curd/yoghurt,1,7.69,13
artificial colours,jam,1,7.69,13
artificial colours,motichoor laddu,1,7.69,13
artificial colours,fast food,1,7.69,13
lead,ground spices,1,7.69,13
harmful chemicals,Paneer,3,25.0,12
harmful chemicals,Ghee,2,16.67,12
harmful chemicals,Milk,2,16.67,12
harmful chemicals,osmania biscuits,1,8.33,12
harmful chemicals,tap water,1,8.33,12
harmful chemicals,fruits and vegetables,1,8.33,12
harmful chemicals,edible oils,1,8.33,12
harmful chemicals,Edible/cooking oil,1,8.33,12
caustic soda,Milk,8,72.73,11
synthetic ghee,Ghee,7,63.64,11
synthetic colours,sweets,4,36.36,11
fungus,Khoya/mawa,3,27.27,11
artificial colour,Ghee,3,27.27,11
fungus,Curd/yoghurt,3,27.27,11
artificial colour,chilli powder,2,18.18,11
fungus,almonds,2,18.18,11
synthetic ghee,laddu prasadam,2,18.18,11
caustic soda,Paneer,2,18.18,11
arsenic,protein powder,2,18.18,11
arsenic,water,2,18.18,11
heavy metals,edible oils,2,18.18,11
artificial colour,artificially coloured supari,1,9.09,11
heavy metals,garlic,1,9.09,11
heavy metals,counterfeit mysore sandal soap,1,9.09,11
artificial colour,dry fruits,1,9.09,11
heavy metals,Milk,1,9.09,11
synthetic colours,Ghee,1,9.09,11
synthetic colours,Milk,1,9.09,11
synthetic colours,colour infused sweets,1,9.09,11
synthetic ghee,Milk,1,9.09,11
heavy metals,Ghee,1,9.09,11
artificial colour,sweets,1,9.09,11
synthetic colours,cake,1,9.09,11
arsenic,rice cereal,1,9.09,11
heavy metals,leafy greens,1,9.09,11
heavy metals,baby food,1,9.09,11
arsenic,rice,1,9.09,11
arsenic,food,1,9.09,11
arsenic,protein supplements,1,9.09,11
synthetic colours,Paneer,1,9.09,11
synthetic colours,ginger garlic paste,1,9.09,11
heavy metals,fruits,1,9.09,11
synthetic ghee,Tirupati laddu,1,9.09,11
arsenic,drinking water,1,9.09,11
heavy metals,protein powders,1,9.09,11
arsenic,tender coconut,1,9.09,11
arsenic,Milk,1,9.09,11
artificial colour,Mustard oil,1,9.09,11
fungus,sonpapdi,1,9.09,11
artificial colour,artificial coloured rice,1,9.09,11
artificial colour,petha,1,9.09,11
heavy metals,Edible/cooking oil,1,9.09,11
synthetic colours,balushahi,1,9.09,11
fungus,barfi,1,9.09,11
fungus,boondi laddoo,1,9.09,11
caustic soda,namkeen,1,9.09,11
coconut oil,Ghee,10,100.0,10
fake ghee,Ghee,9,90.0,10
cheese analogue,Paneer,9,90.0,10
hydrogen peroxide,Milk,9,90.0,10
argemone oil,Mustard oil,8,80.0,10
monoglycerides,Ghee,7,70.0,10
acetic acid,Ghee,5,50.0,10
acetic acid,ginger garlic paste,3,30.0,10
dust,Paneer,3,30.0,10
dust,red chilli powder,2,20.0,10
dust,Edible/cooking oil,2,20.0,10
acetic acid,Paneer,2,20.0,10
fake ghee,laddu prasadam,1,10.0,10
monoglycerides,Coconut oil,1,10.0,10
monoglycerides,Palm oil,1,10.0,10
monoglycerides,palm kernel oil,1,10.0,10
dust,khoa,1,10.0,10
microplastics,bottled water,1,10.0,10
microplastics,seafood,1,10.0,10
microplastics,poultry,1,10.0,10
microplastics,fruits,1,10.0,10
microplastics,vegetables,1,10.0,10
microplastics,prepared foods,1,10.0,10
microplastics,coffee,1,10.0,10
microplastics,packaged table salt,1,10.0,10
microplastics,tea,1,10.0,10
dust,tea powder,1,10.0,10
microplastics,food,1,10.0,10
dust,oil,1,10.0,10
argemone oil,Edible/cooking oil,1,10.0,10
hydrogen peroxide,Paneer,1,10.0,10
argemone oil,Soybean oil,1,10.0,10
cheese analogue,Cheese,1,10.0,10
skimmed milk powder,Paneer,4,44.44,9
skimmed milk powder,Khoya/mawa,2,22.22,9
skimmed milk powder,Cheese,2,22.22,9
skimmed milk powder,Milk,1,11.11,9
rice bran oil,Mustard oil,6,75.0,8
carbonate neutraliser,Paneer,4,50.0,8
carbonate neutraliser,Milk,4,50.0,8
adulterants,Ghee,3,37.5,8
metanil yellow,turmeric,3,37.5,8
synthetic dyes,dried kiwi slices,2,25.0,8
synthetic dyes,confectionery items,2,25.0,8
adulterants,Paneer,2,25.0,8
synthetic food colours,jalebi,2,25.0,8
synthetic food colours,laddus,2,25.0,8
synthetic food colours,koya,2,25.0,8
synthetic dyes,green peas,1,12.5,8
adulterants,Khoya/mawa,1,12.5,8
adulterants,processed food,1,12.5,8
synthetic food colours,sweets,1,12.5,8
adulterants,Milk,1,12.5,8
synthetic dyes,mithais,1,12.5,8
cadmium,dark chocolate,1,12.5,8
cadmium,protein supplements,1,12.5,8
cadmium,fish,1,12.5,8
cadmium,octopus,1,12.5,8
cadmium,squid,1,12.5,8
metanil yellow,sweets,1,12.5,8
cadmium,protein powder,1,12.5,8
metanil yellow,chilli powder,1,12.5,8
cadmium,drinking water,1,12.5,8
cadmium,food grains,1,12.5,8
metanil yellow,turmeric powder,1,12.5,8
synthetic food colours,chips,1,12.5,8
metanil yellow,Mustard oil,1,12.5,8
metanil yellow,Edible/cooking oil,1,12.5,8
synthetic dyes,tea powder,1,12.5,8
synthetic dyes,expired tea powder,1,12.5,8
rice bran oil,Palm oil,1,12.5,8
rice bran oil,gingelly oil,1,12.5,8
dalda,Ghee,7,100.0,7
glucose,Milk,6,85.71,7
monodiglycerides,Ghee,6,85.71,7
beta sitosterol,Ghee,6,85.71,7
lead chromate,turmeric,5,71.43,7
spurious ghee,Ghee,5,71.43,7
substandard ingredients,Tirupati laddu,3,42.86,7
mercury,fish,3,42.86,7
substandard ingredients,sweets,3,42.86,7
contaminant,Milk,3,42.86,7
substandard ingredients,tirupati laddus,1,14.29,7
beta sitosterol,sri vyshnavi dairy specialities,1,14.29,7
monodiglycerides,bhole baba organic dairy,1,14.29,7
spurious ghee,laddus,1,14.29,7
spurious ghee,laddu,1,14.29,7
contaminant,buckwheat flour,1,14.29,7
mercury,large fish species,1,14.29,7
mercury,Milk,1,14.29,7
mercury,protein supplements,1,14.29,7
contaminant,groundnut,1,14.29,7
mercury,protein powder,1,14.29,7
lead chromate,chilli powder,1,14.29,7
lead chromate,turmeric powder,1,14.29,7
glucose,honey,1,14.29,7
contaminant,packaged drinking water,1,14.29,7
contaminant,rasgullas,1,14.29,7
foreign fats,Ghee,6,100.0,6
salt,Milk,6,100.0,6
hydrogenated fats,Ghee,5,83.33,6
adulterated substance,Ghee,5,83.33,6
essence,Ghee,5,83.33,6
sunflower oil,Ghee,4,66.67,6
cheese analog,Paneer,4,66.67,6
foreign fat,Ghee,3,50.0,6
cottonseed oil,Ghee,3,50.0,6
foreign fat,Milk,2,33.33,6
cheese analog,Cheese,2,33.33,6
bacteria,Milk,2,33.33,6
antibiotic residue,eggs,2,33.33,6
cottonseed oil,Mustard oil,1,16.67,6
adulterated substance,Paneer,1,16.67,6
antibiotic residue,seafood,1,16.67,6
antibiotic residue,Ghee,1,16.67,6
thallium,food,1,16.67,6
bacteria,water,1,16.67,6
thallium,fish,1,16.67,6
bacteria,Paneer,1,16.67,6
antibiotic residue,Milk,1,16.67,6
bacteria,tap water,1,16.67,6
antibiotic residue,poultry,1,16.67,6
bacteria,food left at room temperature,1,16.67,6
thallium,water,1,16.67,6
thallium,tender coconut,1,16.67,6
thallium,Milk,1,16.67,6
thallium,fish curry,1,16.67,6
cottonseed oil,edible oils,1,16.67,6
foreign fat,Paneer,1,16.67,6
hydrogenated fats,Coconut oil,1,16.67,6
essence,Mustard oil,1,16.67,6
sunflower oil,olive oil,1,16.67,6
cottonseed oil,Palm oil,1,16.67,6
sunflower oil,Coconut oil,1,16.67,6
β sitosterol,Ghee,5,100.0,5
maltodextrin,Milk,5,100.0,5
ghee essence,Ghee,5,100.0,5
unknown contaminant,Milk,4,80.0,5
chemical substances,mangoes,4,80.0,5
calcium carbide,mangoes,4,80.0,5
synthetic milk,Paneer,3,60.0,5
preservatives,Ghee,3,60.0,5
sugar,honey,3,60.0,5
oxytocin,vegetables,3,60.0,5
total polar compounds,Edible/cooking oil,3,60.0,5
methanol,illicit liquor,2,40.0,5
methanol,spurious liquor,2,40.0,5
brick powder,spices,2,40.0,5
sugar,Milk,2,40.0,5
diethylene glycol,cough syrup,2,40.0,5
oxytocin,Milk,2,40.0,5
brick powder,chilli powder,2,40.0,5
preservatives,ginger garlic paste,1,20.0,5
chemical substances,Ghee,1,20.0,5
unknown contaminant,Paneer,1,20.0,5
synthetic milk,Khoya/mawa,1,20.0,5
total polar compounds,oil,1,20.0,5
rhodamine B,fish,1,20.0,5
diethylene glycol,cofset,1,20.0,5
synthetic milk,Milk,1,20.0,5
diethylene glycol,syrup,1,20.0,5
calcium carbide,fruits,1,20.0,5
diethylene glycol,medicinal syrups,1,20.0,5
rhodamine B,cotton candy,1,20.0,5
rhodamine B,sweets,1,20.0,5
listeria,Milk,1,20.0,5
listeria,leafy greens,1,20.0,5
listeria,pre cut fruits,1,20.0,5
brick powder,turmeric,1,20.0,5
rhodamine B,turmeric,1,20.0,5
rhodamine B,chilli powder,1,20.0,5
preservatives,Milk,1,20.0,5
listeria,Paneer,1,20.0,5
listeria,Cheese,1,20.0,5
methanol,ethanol,1,20.0,5
total polar compounds,Palm oil,1,20.0,5
ghee flavour,Ghee,4,100.0,4
analogue paneer,Paneer,4,100.0,4
synthetic essence,Ghee,4,100.0,4
unspecified adulterant in ghee,Ghee,4,100.0,4
lactic acid,Ghee,4,100.0,4
artificial essence,Ghee,4,100.0,4
sodium hydrogen carbonate,Milk,4,100.0,4
tallow,Ghee,3,75.0,4
soybean,Ghee,3,75.0,4
potato,Ghee,3,75.0,4
sweet potato,Ghee,3,75.0,4
mosquitoes,Ghee,3,75.0,4
colour,Ghee,3,75.0,4
soap,Milk,3,75.0,4
trans fatty acids,Ghee,2,50.0,4
starchy substances,Ghee,2,50.0,4
chemical additives,Ghee,2,50.0,4
groundnut oil,Ghee,2,50.0,4
cheap oils,Ghee,2,50.0,4
cheap oils,Milk,2,50.0,4
cheaper oils,Ghee,2,50.0,4
starchy substances,Milk,2,50.0,4
rotten eggs,cakes and buns,2,50.0,4
sodium benzoate,cakes and buns,2,50.0,4
paraffin wax,Ghee,2,50.0,4
artificial dyes,mithai,2,50.0,4
washing soda,Paneer,2,50.0,4
sand,Edible/cooking oil,2,50.0,4
maida,ginger garlic paste,1,25.0,4
cheaper oils,edible oils,1,25.0,4
non milk raw materials,Ghee,1,25.0,4
non milk raw materials,Paneer,1,25.0,4
non milk raw materials,Cheese,1,25.0,4
non milk raw materials,Milk,1,25.0,4
potato,Khoya/mawa,1,25.0,4
sweet potato,Khoya/mawa,1,25.0,4
trans fatty acids,vanaspati,1,25.0,4
soap,Khoya/mawa,1,25.0,4
washing soda,Khoya/mawa,1,25.0,4
chemical additives,laddu,1,25.0,4
rotten eggs,fruit cake,1,25.0,4
chemical additives,Tirupati laddu,1,25.0,4
rotten eggs,biscuits,1,25.0,4
sodium benzoate,biscuits,1,25.0,4
paraffin wax,Butter,1,25.0,4
aflatoxins,grains,1,25.0,4
tallow,Milk,1,25.0,4
artificial dyes,spices,1,25.0,4
aflatoxins,Milk,1,25.0,4
artificial dyes,sweets,1,25.0,4
sand,chilli powder,1,25.0,4
washing soda,ice cream,1,25.0,4
aflatoxins,edible oils,1,25.0,4
cheaper oils,Coconut oil,1,25.0,4
vitamin d,Soybean oil,1,25.0,4
vitamin d,binni refined oil,1,25.0,4
maida,Paneer,1,25.0,4
trans fatty acids,hydrogenated oils,1,25.0,4
maida,laddu,1,25.0,4
maida,besan,1,25.0,4
paraffin wax,Coconut oil,1,25.0,4
groundnut oil,Sunflower oil,1,25.0,4
aflatoxins,Edible/cooking oil,1,25.0,4
colour,Mustard oil,1,25.0,4
sodium benzoate,ginger and garlic paste,1,25.0,4
groundnut oil,Mustard oil,1,25.0,4
soybean,Paneer,1,25.0,4
mosquitoes,rasgullas,1,25.0,4
sand,ground spices,1,25.0,4
vitamin d,oil,1,25.0,4
vitamin d,fortified oil,1,25.0,4
spoiled ginger,ginger garlic paste,3,100.0,3
spoiled garlic,ginger garlic paste,3,100.0,3
acetic acid esters,Ghee,3,100.0,3
mono glycerides,Ghee,3,100.0,3
adulterant in ghee,Ghee,3,100.0,3
refined soybean oil,Ghee,3,100.0,3
non dairy constituents,Ghee,3,100.0,3
unknown adulterant in ghee,Ghee,3,100.0,3
soapstone,Ghee,3,100.0,3
whey powder,Milk,3,100.0,3
low quality edible oil,Ghee,3,100.0,3
high fructose corn syrup,honey,3,100.0,3
rice syrup,honey,3,100.0,3
artificial fragrances,Ghee,3,100.0,3
houseflies,Ghee,3,100.0,3
fatty acid mono and diglycerides,Ghee,3,100.0,3
suspected adulterant,Paneer,3,100.0,3
lactic acid ester,Ghee,3,100.0,3
animal carcass residues,Ghee,3,100.0,3
sorbitol,Milk,3,100.0,3
non milk fats,Paneer,3,100.0,3
used cooking oil,Edible/cooking oil,3,100.0,3
laboratory esters,Tirupati laddu,2,66.67,3
additives,Ghee,2,66.67,3
other oils,Ghee,2,66.67,3
synthetic colors,Ghee,2,66.67,3
rice flour,turmeric,2,66.67,3
fungal infestation,Curd/yoghurt,2,66.67,3
synthetic food colour,ginger garlic paste,2,66.67,3
sorbic acid,cakes and buns,2,66.67,3
mineral oil,dry fruits,2,66.67,3
synthetic oils,Ghee,2,66.67,3
hydrogenated oils,Ghee,2,66.67,3
intoxicants,toddy,2,66.67,3
rapeseed oil,Ghee,2,66.67,3
oil,Paneer,2,66.67,3
synthetic flavours,fruit juices,2,66.67,3
cheese analogues,Cheese,2,66.67,3
chlorophyll,olive oil,2,66.67,3
trans fat,hydrogenated vanaspati,1,33.33,3
laboratory esters,Ghee,1,33.33,3
human waste,juice,1,33.33,3
human waste,lentils,1,33.33,3
human waste,bread,1,33.33,3
trans fat,processed foods,1,33.33,3
trans fat,fried items,1,33.33,3
carrot extract,Ghee,1,33.33,3
chemical esters,dairy fat,1,33.33,3
chemical esters,laddu,1,33.33,3
carrot extract,lard,1,33.33,3
carrot extract,Palm oil,1,33.33,3
additives,ginger garlic paste,1,33.33,3
fungal infestation,cooked chicken,1,33.33,3
rice flour,turmeric powder,1,33.33,3
mineral oil,Mustard oil,1,33.33,3
synthetic colors,garam masala,1,33.33,3
synthetic oils,Milk,1,33.33,3
chemical esters,Ghee,1,33.33,3
sorbic acid,biscuits,1,33.33,3
synthetic food colour,Ghee,1,33.33,3
malachite green,fish,1,33.33,3
plastic,Milk,1,33.33,3
plastic,meat,1,33.33,3
intoxicants,Milk,1,33.33,3
nanoplastics,carrots,1,33.33,3
nanoplastics,radishes,1,33.33,3
nanoplastics,lettuce,1,33.33,3
synthetic flavours,protein supplements,1,33.33,3
hydrogenated oils,protein supplements,1,33.33,3
chemical,fish,1,33.33,3
toxins,Milk,1,33.33,3
auramine,saffron,1,33.33,3
auramine,turmeric,1,33.33,3
malachite green,sweets,1,33.33,3
auramine,locally prepared snacks,1,33.33,3
toxins,fermented foods,1,33.33,3
bacillus cereus,cooked rice,1,33.33,3
bacillus cereus,pasta,1,33.33,3
aflatoxin,maize,1,33.33,3
aflatoxin,wheat,1,33.33,3
aflatoxin,Milk,1,33.33,3
oil,Milk,1,33.33,3
toxins,feed,1,33.33,3
arrowroot,Paneer,1,33.33,3
bacillus cereus,rice,1,33.33,3
chalk powder,turmeric powder,1,33.33,3
chalk powder,salt,1,33.33,3
malachite green,green veggies,1,33.33,3
plastic,rice,1,33.33,3
chalk powder,ice cream,1,33.33,3
chemical,Milk,1,33.33,3
arrowroot,laddu,1,33.33,3
arrowroot,maida,1,33.33,3
chemical,chemical laced fish,1,33.33,3
chlorophyll,extra virgin olive oil,1,33.33,3
worms,besan flour,1,33.33,3
worms,atta,1,33.33,3
worms,dals,1,33.33,3
cheese analogues,mcdonald s kedgaon branch products,1,33.33,3
other oils,Mustard oil,1,33.33,3
rapeseed oil,olive oil,1,33.33,3
cheap refined oil,Ghee,2,100.0,2
palm kernel fat,Ghee,2,100.0,2
unidentified liquid substances,Paneer,2,100.0,2
animal body fats,Ghee,2,100.0,2
artificial ghee essence,Ghee,2,100.0,2
artificial ghee flavour,Ghee,2,100.0,2
saccharine,Milk,2,100.0,2
vegetable proteins,Paneer,2,100.0,2
esters,Ghee,2,100.0,2
spurious substance,Ghee,2,100.0,2
industrial grade acetic acid,Paneer,2,100.0,2
adulterated materials,ice cream,2,100.0,2
mannose,honey,2,100.0,2
maltose,honey,2,100.0,2
maltotriose,honey,2,100.0,2
corn syrup,honey,2,100.0,2
sugarcane syrup,honey,2,100.0,2
beetroot syrup,honey,2,100.0,2
non edible oils,Ghee,2,100.0,2
coloured stems,red chilli powder,2,100.0,2
other oil,Ghee,2,100.0,2
animal body fat,Ghee,2,100.0,2
unidentified oil,Ghee,2,100.0,2
artificial flavouring agents,Ghee,2,100.0,2
fats rendered from dead animals,Ghee,2,100.0,2
kokum butter,Ghee,2,100.0,2
unsafe substances,Ghee,2,100.0,2
mashed potatoes,Ghee,2,100.0,2
maize flour,Milk,2,100.0,2
non food grade substances,Paneer,2,100.0,2
adulterated ingredients,osmania biscuits,2,100.0,2
expired flavouring agents,ice cream,2,100.0,2
substandard synthetic colours,ice cream,2,100.0,2
metallic powders,mithai,2,100.0,2
aluminium foil,silver vark,2,100.0,2
vegetable cooking oil,Ghee,2,100.0,2
flour,Khoya/mawa,2,100.0,2
vegetable ghee,Ghee,2,100.0,2
synthetic essences,Ghee,2,100.0,2
synthetic essence of ghee,Ghee,2,100.0,2
unknown adulterant in paneer,Paneer,2,100.0,2
mono and diglycerides,Ghee,2,100.0,2
adulterated paneer,Paneer,2,100.0,2
non food grade silver foils,sweets,2,100.0,2
machine oil,edible oils,2,100.0,2
sawdust,spices,2,100.0,2
sodium bicarbonate,Milk,2,100.0,2
ammonia,fish,2,100.0,2
hazardous waste,Milk,2,100.0,2
hormonal growth promoters,poultry,2,100.0,2
glycol,Milk,2,100.0,2
neutralisers,Milk,2,100.0,2
glycerol monostearate,Paneer,2,100.0,2
denatured rapeseed oil,olive oil,2,100.0,2
harmful preservatives,ginger garlic paste,2,100.0,2
refined oils,vanaspati,1,50.0,2
soya bean fat,Ghee,1,50.0,2
harmful substances,Ghee,1,50.0,2
sub standard raw material,Ghee,1,50.0,2
sub standard raw material,oil,1,50.0,2
spurious material,chilli powder,1,50.0,2
spurious material,turmeric,1,50.0,2
sucrose,Milk,1,50.0,2
milk,refined oil,1,50.0,2
artificial fragrance,Ghee,1,50.0,2
cancer causing ingredient,red velvet cake,1,50.0,2
cancer causing ingredient,black forest cake,1,50.0,2
hydrogenated oil,Ghee,1,50.0,2
harmful colouring agents,sweets,1,50.0,2
artificial colouring,doughnuts,1,50.0,2
substandard ghee,Tirupati laddu,1,50.0,2
dangerous chemicals,Ghee,1,50.0,2
chalk,salt,1,50.0,2
chalk,sugar,1,50.0,2
low quality oils,dairy products,1,50.0,2
palm seeds,betel nuts,1,50.0,2
synthetic materials,Ghee,1,50.0,2
unsafe ingredients,ice candies,1,50.0,2
unsafe ingredients,lassi,1,50.0,2
synthetic fat,Khoya/mawa,1,50.0,2
fake khoya,mithai,1,50.0,2
artificial flavours,Ghee,1,50.0,2
refined oils,Ghee,1,50.0,2
impurities,tirupati laddus,1,50.0,2
soya bean fat,Tirupati laddu,1,50.0,2
bathroom chemicals,tirupati laddus,1,50.0,2
bathroom chemicals,Ghee,1,50.0,2
synthetic substance,Ghee,1,50.0,2
synthetic substance,tirumala laddus,1,50.0,2
contaminated substance,Ghee,1,50.0,2
trans fats,hydrogenated oils,1,50.0,2
trans fats,Ghee,1,50.0,2
decayed cashew nuts,cashew nuts,1,50.0,2
dangerous chemicals,Khoya/mawa,1,50.0,2
decayed cashew nuts,sweets,1,50.0,2
artificial colors,sweets,1,50.0,2
insects,split cashews,1,50.0,2
synthetic fat,Ghee,1,50.0,2
labsa,Ghee,1,50.0,2
labsa,Tirupati laddu,1,50.0,2
substandard ghee,Ghee,1,50.0,2
synthetic materials,Khoya/mawa,1,50.0,2
unhygienic and inferior quality,Paneer,1,50.0,2
unhygienic and inferior quality,kalakand,1,50.0,2
rat poison,maggi noodles,1,50.0,2
rat poison,Milk,1,50.0,2
sunset yellow,tea powder,1,50.0,2
embalming powder,Milk,1,50.0,2
embalming powder,biscuits,1,50.0,2
fake khoya,Khoya/mawa,1,50.0,2
inexpensive ingredients,Khoya/mawa,1,50.0,2
inexpensive ingredients,Paneer,1,50.0,2
non permitted colouring agents,chilli gobi,1,50.0,2
non permitted colouring agents,chicken,1,50.0,2
unapproved colours,gobi manchurian,1,50.0,2
unapproved colours,chicken manchurian,1,50.0,2
sucrose,Paneer,1,50.0,2
plastic waste,Milk,1,50.0,2
plastic waste,meat,1,50.0,2
hexachlorobenzene,Milk,1,50.0,2
hexachlorobenzene,Cheese,1,50.0,2
mineral oils,Milk,1,50.0,2
melamine,Milk,1,50.0,2
inferior fats,Ghee,1,50.0,2
inferior fats,edible oils,1,50.0,2
industrial dyes,spices,1,50.0,2
saccharin,Paneer,1,50.0,2
impurities,Ghee,1,50.0,2
colours,basmati rice,1,50.0,2
colours,tea,1,50.0,2
harmful colouring agents,chilli powder,1,50.0,2
contaminants,prawns,1,50.0,2
sewage,municipal water supply,1,50.0,2
artificial flavours,edible oils,1,50.0,2
industrial dyes,mithai,1,50.0,2
uranium,drinking water,1,50.0,2
sewage,drinking water,1,50.0,2
uranium,food grains,1,50.0,2
milk,glycol,1,50.0,2
artificial colouring,tea leaves,1,50.0,2
hydrocyanic acid,edible oils,1,50.0,2
harmful substances,Palm oil,1,50.0,2
saccharin,toast,1,50.0,2
contaminated substance,Paneer,1,50.0,2
insects,roasted flattened rice,1,50.0,2
hydrogenated oil,Paneer,1,50.0,2
low quality oils,Paneer,1,50.0,2
artificial sweeteners,Milk,1,50.0,2
artificial fragrance,laddu,1,50.0,2
mineral oils,black pepper,1,50.0,2
hydrocyanic acid,Edible/cooking oil,1,50.0,2
substandard quality,Mustard oil,1,50.0,2
tri ortho cresyl phosphate,rapeseed oil,1,50.0,2
palm seeds,betel nut,1,50.0,2
sunset yellow,namkeen,1,50.0,2
used motor oil,Edible/cooking oil,1,50.0,2
used motor oil,hair oil,1,50.0,2
expired cooking oil,Edible/cooking oil,1,50.0,2
artificial colors,food items,1,50.0,2
mislabeling,Soybean oil,1,50.0,2
mislabeling,Palm oil,1,50.0,2
fake fssai numbers,kera surya,1,50.0,2
fake fssai numbers,kera haritham,1,50.0,2
harmful colours,fast foods,1,50.0,2
calcium hydroxide,Paneer,1,50.0,2
calcium hydroxide,Milk,1,50.0,2
melamine,infant formula,1,50.0,2
expired cooking oil,Soybean oil,1,50.0,2
harmful colours,sweets,1,50.0,2
seed oil,extra virgin olive oil,1,50.0,2
contaminants,Edible/cooking oil,1,50.0,2
tri ortho cresyl phosphate,edible oils,1,50.0,2
expired ingredients,bakery products,1,50.0,2
expired ingredients,salty snacks,1,50.0,2
argemone mexicana,mustard seeds,1,50.0,2
argemone mexicana,Mustard oil,1,50.0,2
artificial flavoring,truffle oil,1,50.0,2
artificial flavoring,truffle,1,50.0,2
escolar,fish,1,50.0,2
escolar,tuna,1,50.0,2
powdered milk,Milk,1,50.0,2
artificial coloring,turmeric,1,50.0,2
artificial coloring,chilli powder,1,50.0,2
seed oil,olive oil,1,50.0,2
substandard quality,Khoya/mawa,1,50.0,2
powdered milk,Khoya/mawa,1,50.0,2
potato pulp,vegetable sauce,1,50.0,2
potato pulp,soy sauce,1,50.0,2
artificial sweeteners,honey,1,50.0,2
cornflour,ginger garlic paste,1,100.0,1
artificial flavourings,Ghee,1,100.0,1
chemical flavouring agents,Ghee,1,100.0,1
adulterated cow ghee,laddu prasadam,1,100.0,1
artificial flavouring,Ghee,1,100.0,1
scent,Ghee,1,100.0,1
synthetic material,Ghee,1,100.0,1
animal skin,Ghee,1,100.0,1
animal bones,Ghee,1,100.0,1
counterfeit ghee,Ghee,1,100.0,1
mosquitoes and houseflies,Ghee,1,100.0,1
colouring powders,Ghee,1,100.0,1
rapeseed,Ghee,1,100.0,1
cottonseed,Ghee,1,100.0,1
flavor,Ghee,1,100.0,1
banned colours,jaggery,1,100.0,1
polyester,silk dupatta,1,100.0,1
vegetable refined oil,Ghee,1,100.0,1
butter flavour,Ghee,1,100.0,1
maltodextrin powder,Milk,1,100.0,1
sulfates,Milk,1,100.0,1
phosphates,Milk,1,100.0,1
carbonate oils,Milk,1,100.0,1
palm kernel derivatives,Ghee,1,100.0,1
tainted ghee,laddu,1,100.0,1
artificial substance,Paneer,1,100.0,1
food colouring,Ghee,1,100.0,1
underweight egg,egg,1,100.0,1
re heated oil,sweets and savouries,1,100.0,1
dalda cooking oil,Ghee,1,100.0,1
special type of chemical,Ghee,1,100.0,1
cheap fats,Ghee,1,100.0,1
cream,Ghee,1,100.0,1
duplicate ghee,Ghee,1,100.0,1
spurious coconut oil,Coconut oil,1,100.0,1
adulterated variants,Ghee,1,100.0,1
added fragrance,Ghee,1,100.0,1
excessive colours,sweets,1,100.0,1
additive,cake,1,100.0,1
synthetic blends,Ghee,1,100.0,1
flavouring essence,Ghee,1,100.0,1
margarine,Ghee,1,100.0,1
acetamiprid,spices,1,100.0,1
imidacloprid,spices,1,100.0,1
artificial ghee,Ghee,1,100.0,1
ghee like substance,Ghee,1,100.0,1
tainted oil,oil,1,100.0,1
procured ghee,Ghee,1,100.0,1
aroma,Ghee,1,100.0,1
low grade edible oils,Ghee,1,100.0,1
extraneous matter,salt,1,100.0,1
excessive color additives,traditional sweets,1,100.0,1
coolant,Milk,1,100.0,1
burnt engine oil,Ghee,1,100.0,1
palmoline oil,Ghee,1,100.0,1
iron filings,tea leaves,1,100.0,1
sweet potatoes,Ghee,1,100.0,1
clay,coffee powder,1,100.0,1
various chemicals,Ghee,1,100.0,1
pgpr liquid,cakes and buns,1,100.0,1
rotten spoiled vegetables,pickles,1,100.0,1
synthetic flavouring agents,Ghee,1,100.0,1
animal tallow,Ghee,1,100.0,1
unknown green leaf or seed powder,tea,1,100.0,1
ghee flavor,Ghee,1,100.0,1
plant based ingredients,Tirupati laddu,1,100.0,1
synthetic flavors,Ghee,1,100.0,1
low quality substances,Ghee,1,100.0,1
rotten meat,biryani,1,100.0,1
spoiled food items,hot dishes,1,100.0,1
contaminated ghee,Ghee,1,100.0,1
carotenoids,lard,1,100.0,1
carotenoids extracted from carrots,Ghee,1,100.0,1
artificial flavors,Khoya/mawa,1,100.0,1
other contaminants,Paneer,1,100.0,1
î² sitosterol,Ghee,1,100.0,1
chemically manufactured substance,Ghee,1,100.0,1
spoiled khoya,Khoya/mawa,1,100.0,1
adulterated ginger garlic paste,ginger garlic paste,1,100.0,1
buffalo grease,Ghee,1,100.0,1
fly infested,rasgullas,1,100.0,1
petroleum jelly,Ghee,1,100.0,1
buffalo fat,Ghee,1,100.0,1
spurious types of oils,Ghee,1,100.0,1
aluminium,mithai,1,100.0,1
diluted products,Ghee,1,100.0,1
cotton seeds,Ghee,1,100.0,1
fake saras ghee,Ghee,1,100.0,1
hazardous chemicals,Ghee,1,100.0,1
contaminated khoya,Khoya/mawa,1,100.0,1
chemical based flavouring agents,Ghee,1,100.0,1
toxic chemicals,Ghee,1,100.0,1
house flies,cooked chicken,1,100.0,1
unidentified white powder,Khoya/mawa,1,100.0,1
yellow food colour,Ghee,1,100.0,1
diglycerides,Ghee,1,100.0,1
fatty acid mono,Ghee,1,100.0,1
vegetable butter,Ghee,1,100.0,1
synthetic colouring,Ghee,1,100.0,1
impure substances,Ghee,1,100.0,1
fungal contamination,Khoya/mawa,1,100.0,1
flower oil,Ghee,1,100.0,1
palmolive oil,Ghee,1,100.0,1
non dairy substances,Ghee,1,100.0,1
stearin,Ghee,1,100.0,1
substances allegedly used for cleaning bathrooms,Ghee,1,100.0,1
red colour,turmeric powder,1,100.0,1
corn flour,turmeric powder,1,100.0,1
stale and hazardous cooking oil,Edible/cooking oil,1,100.0,1
cheese analogue products,Paneer,1,100.0,1
skimmed milk,Paneer,1,100.0,1
anti foam agents,Paneer,1,100.0,1
additives to extend shelf life,Ghee,1,100.0,1
karanja oil,Mustard oil,1,100.0,1
cyanide,Mustard oil,1,100.0,1
linseed oil,Mustard oil,1,100.0,1
almond oil,Ghee,1,100.0,1
ethylene chemicals,mangoes,1,100.0,1
low quality edible oils,Ghee,1,100.0,1
oil coloured with turmeric,Ghee,1,100.0,1
truffle oil,truffle,1,100.0,1
synthetic truffle aroma,truffle oil,1,100.0,1
chinese truffles,european truffles,1,100.0,1
lethal chemicals,Ghee,1,100.0,1
prohibited food colours,biryani,1,100.0,1
reprocessed oils,biryani,1,100.0,1
cheap quality spices,biryani,1,100.0,1
food colours,Ghee,1,100.0,1
nitrofurans,eggs,1,100.0,1
chemical powders,dry fruits,1,100.0,1
tofu,Paneer,1,100.0,1
packaged multigrain bread,Khoya/mawa,1,100.0,1
unauthorised chemical sprays,mangoes,1,100.0,1
ethylene like spray,mango,1,100.0,1
kernel oil,Ghee,1,100.0,1
ammonium carbonate,Milk,1,100.0,1
prohibited food items,pan masala,1,100.0,1
yellow chemical colour,Ghee,1,100.0,1
chemical colour,honey,1,100.0,1
waste rice powder,turmeric powder,1,100.0,1
non edible synthetic yellow colour,turmeric powder,1,100.0,1
ammonium bicarbonate,soya chunks,1,100.0,1
aniline dyes,chilli powder,1,100.0,1
wood powder,turmeric powder,1,100.0,1
edible oils,Ghee,1,100.0,1
ghee from sri vyshnavi dairy specialties,Ghee,1,100.0,1
synthetic fake ghee,Ghee,1,100.0,1
less expensive oils and fats,Ghee,1,100.0,1
colgate,Ghee,1,100.0,1
fungi,Curd/yoghurt,1,100.0,1
sanchi brand counterfeit ghee,Ghee,1,100.0,1
blended fats,Ghee,1,100.0,1
dead lizard,Curd/yoghurt,1,100.0,1
houseflies and mosquitoes,Ghee,1,100.0,1
life threatening chemicals,laddu,1,100.0,1
industrial fats,Ghee,1,100.0,1
mono and di glycerides,Ghee,1,100.0,1
fake amul labelled ghee,Ghee,1,100.0,1
herbicides,Ghee,1,100.0,1
unsafe substance,raw split chickpeas,1,100.0,1
artificial ghee flavours,Ghee,1,100.0,1
milk fat purity and acid profiles out of specification,ar dairy food pvt ltd,1,100.0,1
toxic substances,Ghee,1,100.0,1
bathroom cleaning chemicals,Ghee,1,100.0,1
plant oils,Ghee,1,100.0,1
flies,Paneer,1,100.0,1
low standard ingredients,laddu prasadam,1,100.0,1
synthetic compounds,Tirupati laddu,1,100.0,1
contaminated ingredients,adulterated food,1,100.0,1
concentrated citric acid,ginger garlic paste,1,100.0,1
xanthan gum,ginger garlic paste,1,100.0,1
low quality waste,ginger garlic paste,1,100.0,1
unhygienic conditions,peda,1,100.0,1
beef oil,Ghee,1,100.0,1
synthetic substances,Ghee,1,100.0,1
food grade lactic acid,Ghee,1,100.0,1
artificial ingredients,Khoya/mawa,1,100.0,1
yellow colouring,Ghee,1,100.0,1
yellow colour,Ghee,1,100.0,1
synthetic aroma,Ghee,1,100.0,1
counterfeit saras ghee,Ghee,1,100.0,1
chemical mixture,Ghee,1,100.0,1
colouring agents,Ghee,1,100.0,1
flavouring agents,Ghee,1,100.0,1
diphtheria bacteria,Milk,1,100.0,1
typhoid bacteria,Milk,1,100.0,1
bovine tuberculosis,Milk,1,100.0,1
septic sore throat bacteria,Milk,1,100.0,1
escherichia coli,Cheese,1,100.0,1
fungal toxin,protein powder,1,100.0,1
dioxins,Milk,1,100.0,1
prohibited synthetic ingredients,Paneer,1,100.0,1
coconut shell powder,tea powder,1,100.0,1
tartrazine,tea powder,1,100.0,1
toxic chemical essence,tea powder,1,100.0,1
analogue cheese products,Paneer,1,100.0,1
shigella dysenteriae,Milk,1,100.0,1
neutralizers,Milk,1,100.0,1
cheaper substitutes,sweets,1,100.0,1
carcinogenic toxics,Milk,1,100.0,1
advanced syrups,honey,1,100.0,1
sudan red,chilli powder,1,100.0,1
unidentified adulterant,Milk,1,100.0,1
soybean fat,Ghee,1,100.0,1
sunflower fat,Ghee,1,100.0,1
tinopal,Paneer,1,100.0,1
ala,Paneer,1,100.0,1
plant oil,Ghee,1,100.0,1
butter oil derived from cross bred cows,Ghee,1,100.0,1
ddt,Milk,1,100.0,1
harmful pathogens,powdered infant formula,1,100.0,1
enterococcus faecium,powdered infant formula,1,100.0,1
enterobacteriaceae,powdered infant formula,1,100.0,1
unauthorised food colours,mango pulp,1,100.0,1
substances not permitted under food safety regulations,mango pulp,1,100.0,1
liquid saffron coloured solution,mango pulp,1,100.0,1
cyclopiazonic acid,kodo millet,1,100.0,1
ergot,kodo millet,1,100.0,1
low quality milk substitutes,Paneer,1,100.0,1
insecticide,Milk,1,100.0,1
unauthorised food colors,mango pulp,1,100.0,1
various adulterating substances,mango pulp,1,100.0,1
fake mawa,Khoya/mawa,1,100.0,1
m seal,Milk,1,100.0,1
intoxicating substance,Milk,1,100.0,1
selfoss,Milk,1,100.0,1
toxic particles,food,1,100.0,1
nano plastics,baby food,1,100.0,1
adhesive compound,Milk,1,100.0,1
adulterated raw materials,Paneer,1,100.0,1
added colour,tea powder,1,100.0,1
bacterial contamination,chicken,1,100.0,1
low quality milk,Paneer,1,100.0,1
poor quality oil,chips,1,100.0,1
artificial additives,chips,1,100.0,1
excess preservatives,pickles,1,100.0,1
pathogens,Paneer,1,100.0,1
artificial allyl isothiocyanate,Mustard oil,1,100.0,1
campylobacter jejuni,Milk,1,100.0,1
synthetic mustard essence,Mustard oil,1,100.0,1
chocolate,mithai,1,100.0,1
benzoyl peroxide,wheat,1,100.0,1
fatty acids,Butter,1,100.0,1
substances containing carcinogenic elements,egg,1,100.0,1
viruses,tap water,1,100.0,1
carcinogenic compounds,street food,1,100.0,1
synthetic chemicals,Milk,1,100.0,1
hazardous additives,Milk,1,100.0,1
synthetic khoya,sweets,1,100.0,1
sugar syrup,honey,1,100.0,1
unverified herbal stimulants,protein supplements,1,100.0,1
synthetic agents,Paneer,1,100.0,1
chemical preservatives,meat,1,100.0,1
phosphoric acid,cool drinks,1,100.0,1
bacterial presence,Paneer,1,100.0,1
non dairy additives,Paneer,1,100.0,1
cereal flours,Milk,1,100.0,1
stale cooking oil,Edible/cooking oil,1,100.0,1
non dairy substitutes,Paneer,1,100.0,1
hazardous substances,birthday cake,1,100.0,1
unknown toxic substance,Milk,1,100.0,1
gum powder,ginger garlic paste,1,100.0,1
rotten and spoilt vegetables,pickles,1,100.0,1
oils,Paneer,1,100.0,1
fatty ingredients,Paneer,1,100.0,1
adulterated milk,Milk,1,100.0,1
adulterant_in_milk_sample,Milk,1,100.0,1
chemical nutrients,fruits and vegetables,1,100.0,1
deadly contaminants,medicinal syrups,1,100.0,1
unknown toxin,Milk,1,100.0,1
chemically treated ghee,Tirupati laddu,1,100.0,1
artificial flavour,Ghee,1,100.0,1
auramine o,sweets,1,100.0,1
sudan dyes,spices,1,100.0,1
tremetol,Milk,1,100.0,1
toxic adulterants,Milk,1,100.0,1
campylobacter,Milk,1,100.0,1
olive oil,Ghee,1,100.0,1
corn oil,Ghee,1,100.0,1
linoleic acid,Ghee,1,100.0,1
raw sewage,drinking water,1,100.0,1
chikki,eggs,1,100.0,1
banana,eggs,1,100.0,1
vibrio,oysters,1,100.0,1
dead spider,samosa,1,100.0,1
expired milk powder,Milk,1,100.0,1
bisphenol a,protein powder,1,100.0,1
garbage,Milk,1,100.0,1
adulterated sweets,sweets,1,100.0,1
adulterated ice cream,ice cream,1,100.0,1
cheaper industrial substitutes,edible oils,1,100.0,1
manganese,drinking water,1,100.0,1
iron,drinking water,1,100.0,1
fluoride,drinking water,1,100.0,1
bacteriological contamination,drinking water,1,100.0,1
steroids,whey protein,1,100.0,1
coolant oil,Milk,1,100.0,1
tcdd,fish,1,100.0,1
dioxin,Milk,1,100.0,1
synthetic sugar,sweets,1,100.0,1
adulteration,Milk,1,100.0,1
unauthorised colours,mango pulp,1,100.0,1
cow s milk,mango pulp,1,100.0,1
liquid saffron colour solution,mango pulp,1,100.0,1
gruel,Milk,1,100.0,1
flour based substances,Milk,1,100.0,1
artificial fat,Paneer,1,100.0,1
toxic industrial solvents,cough syrup,1,100.0,1
argemone seeds,mustard seeds,1,100.0,1
turmeric,sella rice,1,100.0,1
toxic adulterant,Milk,1,100.0,1
total polar compounds tpc,Edible/cooking oil,1,100.0,1
substandard,substandard flour,1,100.0,1
soap solution,Milk,1,100.0,1
diglyceride,spurious oils,1,100.0,1
mud,oil,1,100.0,1
sodium benzodiamine,motichoor laddu,1,100.0,1
unspecified adulterant in mustard oil,Mustard oil,1,100.0,1
glass pieces,bun muska,1,100.0,1
canola rapeseed mustard,Mustard oil,1,100.0,1
substandard mustard oil,Mustard oil,1,100.0,1
liquid paraffin,edible oils,1,100.0,1
degraded cooking oil,Edible/cooking oil,1,100.0,1
non permitted colour,channa bhujia,1,100.0,1
non permitted colours,sweets,1,100.0,1
duplicate masala powder,masala powder,1,100.0,1
plastic froth,Milk,1,100.0,1
total polar compound,Palm oil,1,100.0,1
various oils,edible oils,1,100.0,1
sulphur,Coconut oil,1,100.0,1
chemical adulterants,Paneer,1,100.0,1
poster colour,Milk,1,100.0,1
optical whitening agents,Milk,1,100.0,1
soybean based milk,Milk,1,100.0,1
unsafe condition,Paneer,1,100.0,1
industrial grade chemicals,Paneer,1,100.0,1
synthetic colourants,sweets,1,100.0,1
adulterated khoya,Khoya/mawa,1,100.0,1
sulphuric acid,Paneer,1,100.0,1
baking powder,Paneer,1,100.0,1
discarded skimmed milk,Paneer,1,100.0,1
bicarbonate of soda,Paneer,1,100.0,1
sulfuric acid,Paneer,1,100.0,1
safolite,Paneer,1,100.0,1
spurious colour,laddu,1,100.0,1
low grade oil,laddu,1,100.0,1
industrial oils,Edible/cooking oil,1,100.0,1
oil adulterants,Khoya/mawa,1,100.0,1
reused oil,Edible/cooking oil,1,100.0,1
refined coconut oil,Coconut oil,1,100.0,1
synthetic antioxidants,Coconut oil,1,100.0,1
dried papaya seeds,black pepper,1,100.0,1
dyes,Mustard oil,1,100.0,1
whey permeate powder,Paneer,1,100.0,1
low cost edible oil,higher valued oil,1,100.0,1
animal carcasses,adulterated oil,1,100.0,1
non edible food colours,sweets,1,100.0,1
diesel,Edible/cooking oil,1,100.0,1
cockroaches,Edible/cooking oil,1,100.0,1
cockroaches and rats,Edible/cooking oil,1,100.0,1
suspected adulteration,chilli powder,1,100.0,1
colourless liquid,Milk,1,100.0,1
old oil,new product,1,100.0,1
colour powder,ginger and garlic paste,1,100.0,1
white oil,Mustard oil,1,100.0,1
castor oil,Mustard oil,1,100.0,1
cotton seed oil,Mustard oil,1,100.0,1
hexane,Mustard oil,1,100.0,1
decayed and dead animal meat,fresh meat,1,100.0,1
decayed or spoiled meat,fresh meat,1,100.0,1
spurious edible oils,Coconut oil,1,100.0,1
false fortification claim,Palm oil,1,100.0,1
fake coconut oil,Coconut oil,1,100.0,1
argemone mexicana seed oil,Mustard oil,1,100.0,1
housefly infestation,eggs,1,100.0,1
damaged eggs,cakes,1,100.0,1
expired wheat flour,wheat flour,1,100.0,1
rotten matter,sweets,1,100.0,1
suspicious ingredients,sweets,1,100.0,1
paraffin,Coconut oil,1,100.0,1
unspecified adulterant in paneer,Paneer,1,100.0,1
acrylamide,Edible/cooking oil,1,100.0,1
acrolein,Edible/cooking oil,1,100.0,1
adulterated coconut oil,Coconut oil,1,100.0,1
argemone,Mustard oil,1,100.0,1
mouse droppings,cheeseburger,1,100.0,1
argemone mexicana seeds,Mustard oil,1,100.0,1
reused cooking oil,Edible/cooking oil,1,100.0,1
spoiled eggs,cakes,1,100.0,1
foul smelling substance,Paneer,1,100.0,1
unfit oil,reused oil,1,100.0,1
cooking oil,Paneer,1,100.0,1
linseed,Soybean oil,1,100.0,1
flax seed,Soybean oil,1,100.0,1
acid,Paneer,1,100.0,1
locally procured oils,branded edible oils,1,100.0,1
miscible oils,Mustard oil,1,100.0,1
alum,Milk,1,100.0,1
krista brand bandhani hing,hing,1,100.0,1
testa oil,Coconut oil,1,100.0,1
miscible oil,cooking oils,1,100.0,1
refined rice bran oil,Mustard oil,1,100.0,1
bogus oil,italian olive oil,1,100.0,1
cheaper oil,Sunflower oil,1,100.0,1
substandard materials,Khoya/mawa,1,100.0,1
high tpm,Edible/cooking oil,1,100.0,1
spurious cooking oil,Edible/cooking oil,1,100.0,1
hazardous storage contaminants,Edible/cooking oil,1,100.0,1
industrial colour,khowa,1,100.0,1
tilapia,tuna,1,100.0,1
pangasius,tuna,1,100.0,1
corn,coffee,1,100.0,1
soybeans,coffee,1,100.0,1
artificial wax,citrus fruits,1,100.0,1
salmon roe,sturgeon caviar,1,100.0,1
trout roe,sturgeon caviar,1,100.0,1
non sturgeon fish roe,caviar,1,100.0,1
artificial food colours,fried items,1,100.0,1
food colour,Khoya/mawa,1,100.0,1
substandard gram flour,namkeen,1,100.0,1
used edible oil,namkeen,1,100.0,1
sugar syrups,honey,1,100.0,1
unknown adulterant in rice bran oil,Rice bran oil,1,100.0,1
unknown adulterant in khoya,Khoya/mawa,1,100.0,1
